NOSE_x,NOSE_y,NOSE_score,LEFT_EYE_x,LEFT_EYE_y,LEFT_EYE_score,RIGHT_EYE_x,RIGHT_EYE_y,RIGHT_EYE_score,LEFT_EAR_x,LEFT_EAR_y,LEFT_EAR_score,RIGHT_EAR_x,RIGHT_EAR_y,RIGHT_EAR_score,LEFT_SHOULDER_x,LEFT_SHOULDER_y,LEFT_SHOULDER_score,RIGHT_SHOULDER_x,RIGHT_SHOULDER_y,RIGHT_SHOULDER_score,LEFT_ELBOW_x,LEFT_ELBOW_y,LEFT_ELBOW_score,RIGHT_ELBOW_x,RIGHT_ELBOW_y,RIGHT_ELBOW_score,LEFT_WRIST_x,LEFT_WRIST_y,LEFT_WRIST_score,RIGHT_WRIST_x,RIGHT_WRIST_y,RIGHT_WRIST_score,LEFT_HIP_x,LEFT_HIP_y,LEFT_HIP_score,RIGHT_HIP_x,RIGHT_HIP_y,RIGHT_HIP_score,LEFT_KNEE_x,LEFT_KNEE_y,LEFT_KNEE_score,RIGHT_KNEE_x,RIGHT_KNEE_y,RIGHT_KNEE_score,LEFT_ANKLE_x,LEFT_ANKLE_y,LEFT_ANKLE_score,RIGHT_ANKLE_x,RIGHT_ANKLE_y,RIGHT_ANKLE_score,class_name,class_no
238.0,6.0,0.46354174613952637,242.0,3.0,0.5156838893890381,226.0,3.0,0.5002188682556152,246.0,8.0,0.5482305288314819,199.0,10.0,0.6204121112823486,299.0,92.0,0.9072510004043579,142.0,86.0,0.7905358076095581,347.0,218.0,0.8071514368057251,99.0,212.0,0.922684371471405,387.0,127.0,0.8134209513664246,70.0,102.0,0.7224222421646118,287.0,320.0,0.9246975779533386,179.0,318.0,0.7965728640556335,325.0,547.0,0.937079131603241,138.0,547.0,0.9024785161018372,359.0,753.0,0.61977219581604,92.0,742.0,0.8212026953697205,start,0
255.0,110.0,0.571283221244812,270.0,102.0,0.7247756719589233,241.0,101.0,0.7620095014572144,296.0,126.0,0.773464560508728,225.0,126.0,0.8061577081680298,337.0,197.0,0.6756223440170288,181.0,203.0,0.9244058132171631,350.0,313.0,0.7373430132865906,163.0,313.0,0.8696185350418091,299.0,208.0,0.6288148164749146,216.0,217.0,0.824073314666748,304.0,430.0,0.9078183770179749,210.0,434.0,0.8706393837928772,345.0,605.0,0.7819929122924805,164.0,601.0,0.711998462677002,360.0,774.0,0.9102041125297546,142.0,773.0,0.8826404213905334,start,0
219.0,58.0,0.5504868626594543,228.0,52.0,0.5835598707199097,210.0,52.0,0.5063626170158386,242.0,65.0,0.7307066321372986,193.0,67.0,0.5530072450637817,272.0,123.0,0.6459223031997681,153.0,120.0,0.7703737616539001,277.0,179.0,0.7841567993164062,149.0,181.0,0.8434755802154541,245.0,98.0,0.5416030883789062,179.0,96.0,0.5752625465393066,242.0,286.0,0.7386889457702637,173.0,286.0,0.8769874572753906,272.0,434.0,0.7617759704589844,143.0,434.0,0.7643701434135437,298.0,575.0,0.7495238184928894,119.0,583.0,0.78922039270401,start,0
210.0,13.0,0.4345148801803589,225.0,9.0,0.5428059101104736,198.0,10.0,0.5853152275085449,239.0,18.0,0.7186720371246338,176.0,18.0,0.7240307331085205,288.0,110.0,0.9388436079025269,133.0,105.0,0.8691937327384949,337.0,225.0,0.9247418642044067,92.0,229.0,0.9267432689666748,374.0,132.0,0.686272919178009,64.0,126.0,0.8216219544410706,274.0,323.0,0.9254708290100098,168.0,322.0,0.837436854839325,317.0,551.0,0.903562605381012,128.0,555.0,0.8474516272544861,351.0,758.0,0.7676188349723816,84.0,743.0,0.8568605780601501,start,0
253.0,57.0,0.28638702630996704,271.0,44.0,0.5730847120285034,240.0,44.0,0.5734084844589233,286.0,75.0,0.7592496871948242,213.0,74.0,0.6697000861167908,327.0,154.0,0.646544337272644,169.0,153.0,0.8730735778808594,372.0,279.0,0.8909308910369873,116.0,279.0,0.9265701770782471,375.0,179.0,0.7690076231956482,109.0,190.0,0.850832462310791,298.0,395.0,0.9372886419296265,195.0,395.0,0.8613318800926208,340.0,611.0,0.8685223460197449,150.0,610.0,0.8266035914421082,385.0,821.0,0.825247049331665,104.0,822.0,0.9028064608573914,start,0
216.0,54.0,0.48512721061706543,225.0,50.0,0.6600295305252075,207.0,51.0,0.7149751782417297,242.0,63.0,0.7135704755783081,192.0,67.0,0.5370749235153198,276.0,117.0,0.7838836908340454,159.0,120.0,0.8321474194526672,278.0,182.0,0.8105834722518921,150.0,190.0,0.7590899467468262,247.0,98.0,0.4066387116909027,178.0,99.0,0.6238740086555481,246.0,283.0,0.894041895866394,173.0,282.0,0.8677027225494385,269.0,440.0,0.8714314103126526,143.0,434.0,0.8172718286514282,293.0,581.0,0.535839319229126,119.0,586.0,0.37576428055763245,start,0
222.0,51.0,0.4936748743057251,230.0,49.0,0.6564676761627197,212.0,49.0,0.7330374717712402,245.0,64.0,0.6820187568664551,197.0,65.0,0.6306987404823303,275.0,119.0,0.5513077974319458,162.0,116.0,0.8181456923484802,288.0,171.0,0.8456212878227234,151.0,171.0,0.7286875247955322,253.0,91.0,0.5218324065208435,182.0,93.0,0.5999122262001038,249.0,274.0,0.9219752550125122,178.0,274.0,0.8866217136383057,272.0,437.0,0.896676778793335,147.0,431.0,0.8669211268424988,302.0,573.0,0.8369557857513428,120.0,576.0,0.752338171005249,start,0
170.0,88.0,0.5859183073043823,182.0,80.0,0.6840811967849731,158.0,76.0,0.6828547120094299,197.0,89.0,0.7815989851951599,137.0,87.0,0.8356595039367676,224.0,148.0,0.8841935396194458,102.0,144.0,0.7001926302909851,253.0,206.0,0.8330772519111633,73.0,202.0,0.8701691627502441,199.0,126.0,0.7039132714271545,126.0,125.0,0.8145241737365723,215.0,310.0,0.8395887613296509,129.0,313.0,0.9114052057266235,252.0,489.0,0.7202286124229431,96.0,496.0,0.8832299709320068,276.0,621.0,0.8406699895858765,87.0,623.0,0.7708542943000793,start,0
148.0,66.0,0.669702410697937,160.0,60.0,0.7678747177124023,137.0,58.0,0.6997026205062866,177.0,73.0,0.6719046831130981,121.0,76.0,0.7753429412841797,215.0,129.0,0.8603662848472595,87.0,134.0,0.7095527648925781,241.0,195.0,0.8694508671760559,66.0,198.0,0.5628654360771179,186.0,112.0,0.787645697593689,118.0,113.0,0.7695314884185791,208.0,306.0,0.863974928855896,122.0,311.0,0.8094384670257568,242.0,483.0,0.868311882019043,94.0,498.0,0.8723397254943848,273.0,634.0,0.8611984252929688,82.0,638.0,0.6689796447753906,start,0
228.0,52.0,0.3971119523048401,235.0,46.0,0.6084505915641785,218.0,45.0,0.6354237198829651,249.0,57.0,0.5543441772460938,201.0,58.0,0.5133087038993835,283.0,109.0,0.7721858024597168,164.0,112.0,0.7546558976173401,287.0,178.0,0.7515108585357666,157.0,184.0,0.8256946802139282,255.0,99.0,0.5691404938697815,187.0,97.0,0.5772984623908997,255.0,279.0,0.7805441617965698,184.0,280.0,0.861579179763794,279.0,437.0,0.76039719581604,154.0,429.0,0.7890104651451111,300.0,582.0,0.8288456797599792,125.0,591.0,0.8803183436393738,start,0
285.0,71.0,0.7340478301048279,300.0,69.0,0.6922315359115601,270.0,67.0,0.7360813021659851,321.0,95.0,0.7554255723953247,253.0,96.0,0.8077936172485352,361.0,163.0,0.91567462682724,209.0,164.0,0.8242632150650024,381.0,259.0,0.9557849764823914,183.0,246.0,0.8808472156524658,328.0,155.0,0.7622818946838379,242.0,155.0,0.7993505597114563,326.0,365.0,0.9064834713935852,237.0,364.0,0.862311840057373,348.0,554.0,0.8165767192840576,196.0,551.0,0.7646524310112,369.0,721.0,0.8533090353012085,162.0,722.0,0.8589566946029663,start,0
276.0,25.0,0.39427605271339417,288.0,23.0,0.6917148232460022,263.0,28.0,0.5211234092712402,312.0,57.0,0.7757282853126526,246.0,56.0,0.7751185297966003,351.0,116.0,0.7602887749671936,221.0,121.0,0.861500084400177,401.0,210.0,0.88145911693573,176.0,217.0,0.8323382139205933,434.0,137.0,0.8149281144142151,148.0,135.0,0.7492412328720093,339.0,321.0,0.933007538318634,242.0,319.0,0.8934206962585449,365.0,505.0,0.890595018863678,210.0,508.0,0.5758553147315979,393.0,662.0,0.8367516398429871,171.0,664.0,0.8424148559570312,start,0
265.0,77.0,0.4946933686733246,280.0,67.0,0.6617323160171509,249.0,67.0,0.6042200326919556,304.0,85.0,0.6685994267463684,235.0,93.0,0.7356196641921997,352.0,157.0,0.9180327653884888,197.0,158.0,0.7681279182434082,364.0,253.0,0.8027652502059937,166.0,251.0,0.8313830494880676,304.0,151.0,0.6566961407661438,222.0,159.0,0.8483248949050903,311.0,370.0,0.8678986430168152,220.0,373.0,0.81875079870224,338.0,555.0,0.7478460669517517,175.0,550.0,0.8987187147140503,362.0,734.0,0.9202267527580261,148.0,734.0,0.91377854347229,start,0
199.0,34.0,0.6141795516014099,208.0,32.0,0.5568206310272217,188.0,31.0,0.612138032913208,222.0,50.0,0.7042655944824219,171.0,46.0,0.6798076629638672,252.0,111.0,0.8965813517570496,141.0,99.0,0.8691877126693726,274.0,159.0,0.7957487106323242,135.0,161.0,0.6918601393699646,232.0,73.0,0.7145693302154541,170.0,68.0,0.6559319496154785,244.0,261.0,0.9093767404556274,172.0,262.0,0.8897436261177063,272.0,425.0,0.8044846653938293,144.0,429.0,0.8482570648193359,296.0,560.0,0.7446603178977966,117.0,560.0,0.7885958552360535,start,0
297.0,45.0,0.32427945733070374,311.0,36.0,0.6706441044807434,286.0,35.0,0.5895448923110962,326.0,64.0,0.7723115682601929,260.0,62.0,0.7538844347000122,355.0,127.0,0.711523175239563,224.0,127.0,0.9477208256721497,399.0,226.0,0.91706383228302,175.0,223.0,0.9028695821762085,423.0,147.0,0.5179812908172607,144.0,143.0,0.8872123956680298,333.0,333.0,0.9367931485176086,240.0,330.0,0.8935017585754395,364.0,518.0,0.7696570158004761,205.0,514.0,0.6143699884414673,399.0,674.0,0.7461438179016113,174.0,676.0,0.7647461295127869,start,0
252.0,52.0,0.42385226488113403,269.0,42.0,0.59816974401474,239.0,41.0,0.5844318866729736,280.0,69.0,0.655656099319458,210.0,65.0,0.6950131058692932,318.0,150.0,0.7329755425453186,168.0,156.0,0.9363366961479187,370.0,270.0,0.8772763013839722,122.0,278.0,0.9437164068222046,379.0,157.0,0.7577168941497803,107.0,186.0,0.7479349374771118,293.0,390.0,0.8986183404922485,190.0,393.0,0.9111263751983643,352.0,598.0,0.7629825472831726,147.0,616.0,0.8683235049247742,375.0,785.0,0.8260136842727661,122.0,807.0,0.8211263418197632,start,0
203.0,56.0,0.46746426820755005,214.0,50.0,0.5499789714813232,191.0,50.0,0.5029111504554749,233.0,70.0,0.5364391207695007,171.0,64.0,0.6766847968101501,259.0,118.0,0.7573745250701904,139.0,112.0,0.7753719687461853,271.0,187.0,0.6261848211288452,142.0,182.0,0.6516847610473633,234.0,89.0,0.6628430485725403,171.0,93.0,0.49472951889038086,252.0,281.0,0.8464341759681702,176.0,286.0,0.8309893608093262,277.0,437.0,0.8583528995513916,151.0,439.0,0.8033137321472168,302.0,596.0,0.680774986743927,123.0,594.0,0.7641145586967468,start,0
222.0,68.0,0.523167610168457,234.0,64.0,0.665700376033783,210.0,61.0,0.5377752780914307,253.0,79.0,0.7913174629211426,194.0,76.0,0.815255343914032,285.0,137.0,0.851311206817627,152.0,132.0,0.8735671043395996,300.0,197.0,0.8802710175514221,127.0,194.0,0.8367918729782104,257.0,112.0,0.703942060470581,180.0,113.0,0.7701060175895691,250.0,304.0,0.8598229289054871,164.0,300.0,0.7777456045150757,272.0,499.0,0.8838964700698853,122.0,483.0,0.8339368104934692,282.0,615.0,0.6810401678085327,97.0,613.0,0.7451921701431274,start,0
287.0,40.0,0.47621428966522217,298.0,34.0,0.624423086643219,273.0,34.0,0.6445602774620056,320.0,62.0,0.809045135974884,252.0,66.0,0.6199946403503418,351.0,136.0,0.9230955243110657,223.0,138.0,0.9213503003120422,393.0,237.0,0.9564453363418579,179.0,236.0,0.8908013105392456,433.0,164.0,0.8830933570861816,155.0,150.0,0.7544236183166504,337.0,332.0,0.9318667054176331,244.0,331.0,0.8968385457992554,369.0,519.0,0.9407694339752197,208.0,524.0,0.8965373039245605,393.0,679.0,0.6615434885025024,172.0,686.0,0.7550694942474365,start,0
205.0,42.0,0.5517342686653137,213.0,42.0,0.6058343648910522,194.0,41.0,0.5825353860855103,230.0,61.0,0.661543607711792,177.0,59.0,0.4446028470993042,264.0,117.0,0.9004691243171692,147.0,109.0,0.7721538543701172,279.0,168.0,0.7385592460632324,143.0,171.0,0.7529513239860535,238.0,83.0,0.670085072517395,178.0,83.0,0.5565817356109619,252.0,272.0,0.8996797204017639,180.0,274.0,0.8785988092422485,279.0,433.0,0.814747154712677,156.0,435.0,0.8197871446609497,305.0,578.0,0.7808157205581665,127.0,576.0,0.8100167512893677,start,0
241.0,187.0,0.8317968249320984,254.0,182.0,0.6977808475494385,231.0,179.0,0.9003792405128479,268.0,203.0,0.6678258180618286,215.0,192.0,0.8244178295135498,301.0,254.0,0.943550169467926,179.0,255.0,0.8520404100418091,324.0,341.0,0.9246361255645752,137.0,328.0,0.9111349582672119,269.0,272.0,0.7578591704368591,197.0,271.0,0.8134796023368835,264.0,408.0,0.7193095684051514,186.0,397.0,0.6988750696182251,267.0,575.0,0.5161958932876587,164.0,528.0,0.5771805047988892,270.0,679.0,0.268057256937027,148.0,672.0,0.5692687630653381,start,0
196.0,44.0,0.4665014147758484,210.0,36.0,0.662159264087677,185.0,37.0,0.647505521774292,237.0,52.0,0.6188035607337952,178.0,55.0,0.7216076850891113,277.0,114.0,0.7951318025588989,149.0,120.0,0.7086185216903687,288.0,205.0,0.8097829222679138,122.0,202.0,0.9039010405540466,242.0,118.0,0.6186339855194092,171.0,126.0,0.8115169405937195,244.0,308.0,0.927356481552124,168.0,310.0,0.9025735855102539,265.0,454.0,0.8499813675880432,133.0,449.0,0.6962480545043945,283.0,588.0,0.8027470707893372,109.0,592.0,0.9002012014389038,start,0
173.0,80.0,0.6490188837051392,185.0,75.0,0.6430872082710266,163.0,75.0,0.546822190284729,197.0,91.0,0.5083663463592529,144.0,92.0,0.4983929693698883,229.0,153.0,0.7205390930175781,105.0,152.0,0.937960147857666,254.0,240.0,0.8889567255973816,92.0,236.0,0.8737792372703552,208.0,162.0,0.7783244252204895,136.0,154.0,0.7650566101074219,211.0,330.0,0.8381586074829102,137.0,330.0,0.807518482208252,247.0,476.0,0.8685698509216309,113.0,484.0,0.8034188747406006,273.0,621.0,0.8424482345581055,98.0,622.0,0.7916297316551208,start,0
161.0,56.0,0.6764861345291138,172.0,51.0,0.5654818415641785,149.0,48.0,0.5493077635765076,183.0,65.0,0.7258971929550171,129.0,65.0,0.8331449031829834,217.0,121.0,0.9290640354156494,94.0,125.0,0.8227686882019043,241.0,198.0,0.8993942737579346,77.0,202.0,0.8710528612136841,189.0,118.0,0.8519800305366516,119.0,118.0,0.8595242500305176,199.0,286.0,0.8776426315307617,126.0,285.0,0.8718087077140808,228.0,454.0,0.8450003266334534,103.0,447.0,0.8660247325897217,252.0,586.0,0.7572271823883057,85.0,585.0,0.8760825991630554,start,0
207.0,109.0,0.47825515270233154,221.0,103.0,0.6934951543807983,191.0,100.0,0.6243266463279724,237.0,123.0,0.7306962013244629,171.0,128.0,0.7873913049697876,281.0,196.0,0.7043999433517456,127.0,201.0,0.9181461930274963,296.0,314.0,0.7569555044174194,111.0,316.0,0.823433518409729,246.0,213.0,0.6965615153312683,162.0,211.0,0.8364143371582031,255.0,430.0,0.9005960822105408,161.0,427.0,0.8177683353424072,298.0,601.0,0.6876472234725952,116.0,590.0,0.6545144319534302,318.0,768.0,0.8336389660835266,99.0,764.0,0.8826432228088379,start,0
280.0,38.0,0.809729278087616,294.0,37.0,0.691976010799408,264.0,34.0,0.7347325682640076,308.0,65.0,0.8426903486251831,243.0,68.0,0.8062117695808411,345.0,132.0,0.8741066455841064,209.0,138.0,0.9437491297721863,406.0,222.0,0.9545284509658813,160.0,226.0,0.9259753823280334,468.0,157.0,0.7113454341888428,99.0,157.0,0.7402265667915344,335.0,338.0,0.9375746250152588,238.0,339.0,0.8989005088806152,364.0,524.0,0.8280709981918335,207.0,525.0,0.6353774070739746,393.0,680.0,0.8459310531616211,172.0,681.0,0.8367176055908203,start,0
190.0,80.0,0.7090966701507568,204.0,74.0,0.7114189863204956,176.0,72.0,0.7146788239479065,217.0,92.0,0.5098076462745667,151.0,95.0,0.7524974346160889,260.0,158.0,0.6199371218681335,109.0,165.0,0.863401472568512,289.0,254.0,0.8760936856269836,88.0,262.0,0.8762837052345276,222.0,154.0,0.7939014434814453,140.0,158.0,0.8883161544799805,240.0,363.0,0.9037306308746338,148.0,363.0,0.8660948276519775,273.0,566.0,0.7427818775177002,121.0,562.0,0.797718346118927,305.0,732.0,0.8789666295051575,95.0,733.0,0.8113328218460083,start,0
140.0,53.0,0.6448159217834473,151.0,48.0,0.5101261138916016,128.0,47.0,0.5641331672668457,164.0,62.0,0.6957622766494751,108.0,64.0,0.5745593309402466,198.0,119.0,0.9124722480773926,69.0,123.0,0.846912145614624,219.0,201.0,0.7434383630752563,55.0,204.0,0.859368622303009,167.0,120.0,0.8256367444992065,98.0,119.0,0.8166135549545288,177.0,294.0,0.8248208165168762,103.0,294.0,0.8616929054260254,209.0,443.0,0.7511769533157349,80.0,447.0,0.6920688152313232,233.0,593.0,0.8749680519104004,58.0,586.0,0.9134758710861206,start,0
347.0,103.0,0.6323956251144409,337.0,96.0,0.8085678219795227,334.0,92.0,0.6474018692970276,305.0,106.0,0.7977638244628906,294.0,100.0,0.9109623432159424,347.0,181.0,0.9244858026504517,225.0,168.0,0.9210543632507324,391.0,274.0,0.8804361820220947,168.0,259.0,0.9239853620529175,448.0,204.0,0.7119930982589722,113.0,198.0,0.9241840243339539,331.0,371.0,0.9368691444396973,240.0,371.0,0.8896028995513916,360.0,555.0,0.9521697163581848,201.0,566.0,0.8830531239509583,395.0,731.0,0.8845797777175903,174.0,728.0,0.6768978238105774,start,0
212.0,17.0,0.5511868596076965,228.0,10.0,0.6169569492340088,198.0,9.0,0.7174090147018433,248.0,28.0,0.8215717077255249,170.0,25.0,0.771996021270752,281.0,124.0,0.95514976978302,137.0,124.0,0.9355045557022095,318.0,243.0,0.9320367574691772,87.0,244.0,0.8535622954368591,358.0,153.0,0.8788396120071411,61.0,136.0,0.8225066661834717,275.0,338.0,0.934215247631073,166.0,337.0,0.8925116658210754,315.0,571.0,0.8765866160392761,126.0,570.0,0.7471635937690735,353.0,765.0,0.8568598031997681,88.0,758.0,0.8096367120742798,start,0
221.0,106.0,0.7543290853500366,233.0,91.0,0.7327555418014526,228.0,95.0,0.7596868872642517,278.0,96.0,0.8251438140869141,267.0,100.0,0.6675662994384766,345.0,169.0,0.8537768125534058,220.0,178.0,0.9260370135307312,403.0,260.0,0.8777269721031189,176.0,277.0,0.9208426475524902,460.0,195.0,0.884685754776001,122.0,204.0,0.6893672943115234,335.0,374.0,0.9530627131462097,242.0,374.0,0.9052649736404419,370.0,566.0,0.9056883454322815,208.0,564.0,0.9367700815200806,397.0,733.0,0.6370486617088318,174.0,732.0,0.8606307506561279,start,0
201.0,44.0,0.6218278408050537,212.0,37.0,0.6586462259292603,187.0,39.0,0.3969603478908539,227.0,54.0,0.5925443768501282,171.0,62.0,0.820967972278595,269.0,119.0,0.858810544013977,142.0,124.0,0.7943562865257263,287.0,206.0,0.7823193669319153,126.0,208.0,0.8684914112091064,231.0,119.0,0.6620502471923828,163.0,125.0,0.48672568798065186,244.0,292.0,0.7916757464408875,169.0,296.0,0.8649990558624268,276.0,437.0,0.7850385904312134,148.0,446.0,0.8128986358642578,309.0,605.0,0.794153094291687,125.0,596.0,0.8134931325912476,start,0
260.0,32.0,0.33498814702033997,264.0,20.0,0.3350893259048462,250.0,21.0,0.5982186794281006,274.0,31.0,0.4359966814517975,233.0,35.0,0.5708823800086975,335.0,107.0,0.7099024057388306,183.0,111.0,0.944459080696106,379.0,224.0,0.9470654726028442,131.0,232.0,0.9032983183860779,407.0,124.0,0.814995288848877,98.0,141.0,0.8856066465377808,307.0,323.0,0.9083818793296814,203.0,320.0,0.8605883121490479,345.0,550.0,0.8380210399627686,162.0,547.0,0.8182809948921204,391.0,747.0,0.8464478254318237,120.0,759.0,0.9201422929763794,start,0
197.0,45.0,0.587512731552124,208.0,41.0,0.6482443809509277,188.0,40.0,0.6317582130432129,227.0,60.0,0.713649332523346,170.0,59.0,0.6980281472206116,260.0,120.0,0.8326067924499512,141.0,114.0,0.9139429330825806,272.0,178.0,0.773614227771759,142.0,182.0,0.6858837604522705,231.0,88.0,0.642042338848114,172.0,96.0,0.5978348851203918,252.0,286.0,0.834205150604248,176.0,289.0,0.8426931500434875,276.0,437.0,0.864213764667511,150.0,436.0,0.6530129909515381,302.0,597.0,0.8840571045875549,120.0,591.0,0.8288940191268921,start,0
200.0,90.0,0.6843620538711548,213.0,83.0,0.6426560878753662,189.0,81.0,0.706048846244812,232.0,89.0,0.7758264541625977,175.0,94.0,0.7155584096908569,274.0,147.0,0.7433171272277832,148.0,147.0,0.8372556567192078,297.0,205.0,0.8526554703712463,120.0,205.0,0.8410727977752686,249.0,121.0,0.8130250573158264,171.0,126.0,0.8516098260879517,247.0,307.0,0.8476637005805969,161.0,305.0,0.7925169467926025,271.0,498.0,0.8597768545150757,120.0,489.0,0.8596123456954956,281.0,604.0,0.3459569215774536,101.0,601.0,0.39787235856056213,start,0
249.0,66.0,0.7328331470489502,262.0,63.0,0.6836073398590088,237.0,62.0,0.7367031574249268,278.0,84.0,0.7945634126663208,222.0,85.0,0.8352181911468506,313.0,140.0,0.9127527475357056,186.0,139.0,0.8048383593559265,326.0,218.0,0.9463772177696228,165.0,208.0,0.8742738366127014,282.0,132.0,0.7805776596069336,213.0,134.0,0.7650958895683289,282.0,305.0,0.9079549312591553,208.0,304.0,0.8710456490516663,300.0,459.0,0.828811526298523,175.0,457.0,0.7485783100128174,318.0,595.0,0.8359142541885376,147.0,595.0,0.8457675576210022,start,0
224.0,81.0,0.510539710521698,238.0,74.0,0.66004478931427,208.0,71.0,0.5406869649887085,248.0,95.0,0.6192215085029602,178.0,95.0,0.7837667465209961,286.0,164.0,0.7031831741333008,130.0,166.0,0.8543237447738647,314.0,269.0,0.7780147194862366,108.0,271.0,0.7518492937088013,259.0,169.0,0.4854918420314789,163.0,162.0,0.7025727033615112,263.0,388.0,0.8938661813735962,171.0,392.0,0.8369249105453491,298.0,573.0,0.8381296992301941,143.0,575.0,0.8444576263427734,329.0,746.0,0.9243826270103455,119.0,748.0,0.8981854915618896,start,0
217.0,39.0,0.5687685012817383,232.0,32.0,0.6985622048377991,204.0,32.0,0.7233784198760986,254.0,54.0,0.6487549543380737,193.0,52.0,0.5980483293533325,284.0,115.0,0.9202629327774048,158.0,118.0,0.8445457220077515,287.0,203.0,0.7351783514022827,149.0,201.0,0.9388174414634705,248.0,127.0,0.5959398150444031,182.0,123.0,0.6844972372055054,250.0,286.0,0.7464665174484253,179.0,287.0,0.854032039642334,277.0,437.0,0.83855801820755,144.0,432.0,0.8295669555664062,301.0,589.0,0.7663065791130066,120.0,597.0,0.8470058441162109,start,0
238.0,20.0,0.5380531549453735,254.0,11.0,0.5158458948135376,227.0,12.0,0.6063588857650757,273.0,31.0,0.6155048608779907,207.0,29.0,0.8266854286193848,311.0,124.0,0.8833350539207458,169.0,125.0,0.9620327353477478,364.0,236.0,0.9492341876029968,130.0,244.0,0.9292550086975098,391.0,141.0,0.6321502923965454,95.0,155.0,0.8712542057037354,285.0,339.0,0.9345167875289917,181.0,339.0,0.9109892249107361,326.0,559.0,0.7844294309616089,139.0,567.0,0.8226781487464905,365.0,760.0,0.7596743106842041,101.0,761.0,0.8570258617401123,start,0
272.0,30.0,0.4797516465187073,284.0,31.0,0.5683858394622803,259.0,32.0,0.6193609237670898,307.0,61.0,0.7179135084152222,240.0,61.0,0.7429459691047668,345.0,125.0,0.9202257394790649,212.0,131.0,0.8435723781585693,394.0,220.0,0.93442702293396,172.0,229.0,0.8708036541938782,427.0,146.0,0.9176633954048157,143.0,150.0,0.7953037023544312,332.0,334.0,0.9349231719970703,237.0,333.0,0.8710401058197021,363.0,517.0,0.7667967081069946,203.0,524.0,0.8880921006202698,393.0,677.0,0.7858242392539978,170.0,674.0,0.7071599960327148,start,0
292.0,45.0,0.3769599199295044,305.0,36.0,0.6298855543136597,282.0,41.0,0.49506011605262756,323.0,62.0,0.7606439590454102,256.0,61.0,0.8115971088409424,354.0,122.0,0.91097092628479,221.0,121.0,0.913049578666687,395.0,218.0,0.897084653377533,170.0,213.0,0.7422038316726685,420.0,145.0,0.8233945965766907,141.0,135.0,0.8826192617416382,331.0,330.0,0.9347532987594604,237.0,327.0,0.8639469146728516,362.0,511.0,0.8877153396606445,205.0,512.0,0.9288952350616455,394.0,662.0,0.7001173496246338,173.0,665.0,0.7266805171966553,start,0
251.0,8.0,0.39366230368614197,252.0,5.0,0.4828692376613617,242.0,6.0,0.5424395203590393,266.0,7.0,0.4237796664237976,224.0,12.0,0.6525918245315552,324.0,94.0,0.8597785830497742,172.0,92.0,0.9290220141410828,374.0,212.0,0.8992677927017212,124.0,219.0,0.8487902879714966,399.0,105.0,0.8298396468162537,88.0,121.0,0.692051887512207,297.0,318.0,0.9199444651603699,189.0,317.0,0.8987463116645813,331.0,547.0,0.6678488254547119,147.0,549.0,0.8759046792984009,379.0,744.0,0.7031248807907104,111.0,756.0,0.8367294073104858,start,0
289.0,36.0,0.6480242013931274,302.0,36.0,0.7178194522857666,276.0,33.0,0.6780122518539429,321.0,65.0,0.7557808756828308,254.0,64.0,0.7266150712966919,351.0,133.0,0.9162312150001526,220.0,139.0,0.9368541836738586,391.0,232.0,0.9536987543106079,179.0,240.0,0.8953704237937927,422.0,155.0,0.8665850758552551,146.0,162.0,0.8872547149658203,331.0,330.0,0.9216211438179016,238.0,329.0,0.8360399007797241,359.0,510.0,0.8990671634674072,207.0,515.0,0.8349552750587463,404.0,692.0,0.7511126399040222,184.0,681.0,0.6509394645690918,start,0
215.0,19.0,0.26232266426086426,208.0,13.0,0.41738900542259216,213.0,13.0,0.4122614860534668,211.0,18.0,0.36041259765625,224.0,19.0,0.47758749127388,290.0,110.0,0.7890360355377197,140.0,106.0,0.8402401804924011,337.0,224.0,0.9425614476203918,91.0,228.0,0.9198501110076904,379.0,131.0,0.8180657625198364,67.0,120.0,0.7420921921730042,278.0,343.0,0.9123725891113281,170.0,342.0,0.891015350818634,319.0,558.0,0.9180816411972046,123.0,563.0,0.8043683767318726,347.0,763.0,0.7666557431221008,79.0,749.0,0.8494060635566711,start,0
208.0,77.0,0.44191837310791016,219.0,74.0,0.7564979791641235,199.0,72.0,0.6190343499183655,235.0,84.0,0.7909629344940186,186.0,85.0,0.7708851099014282,273.0,144.0,0.701296329498291,148.0,137.0,0.8991302251815796,288.0,193.0,0.8871326446533203,113.0,186.0,0.917924702167511,245.0,112.0,0.8221468329429626,169.0,112.0,0.7458481788635254,240.0,292.0,0.8451626300811768,154.0,290.0,0.7998476624488831,266.0,496.0,0.8334378004074097,115.0,474.0,0.8083877563476562,276.0,588.0,0.15222328901290894,108.0,581.0,0.2964193820953369,start,0
220.0,41.0,0.6714307069778442,235.0,37.0,0.6029476523399353,210.0,36.0,0.6359593868255615,253.0,62.0,0.8369949460029602,194.0,60.0,0.7753024697303772,284.0,121.0,0.9180787801742554,157.0,124.0,0.9215967059135437,302.0,208.0,0.9193592071533203,140.0,206.0,0.8569188117980957,251.0,125.0,0.5277842283248901,186.0,122.0,0.5225986242294312,255.0,291.0,0.8381726741790771,180.0,290.0,0.882919192314148,277.0,447.0,0.8103940486907959,145.0,440.0,0.8793224096298218,296.0,593.0,0.7394411563873291,116.0,603.0,0.8511791825294495,start,0
217.0,89.0,0.5870783925056458,228.0,84.0,0.6486090421676636,207.0,82.0,0.5267625451087952,246.0,95.0,0.78654944896698,187.0,94.0,0.7260733842849731,281.0,151.0,0.8004225492477417,152.0,148.0,0.7970789074897766,298.0,213.0,0.877508819103241,119.0,213.0,0.896230161190033,252.0,126.0,0.7396044731140137,180.0,132.0,0.6234545707702637,249.0,306.0,0.8196550607681274,167.0,305.0,0.7887964844703674,278.0,500.0,0.8234632015228271,124.0,474.0,0.7470493316650391,289.0,597.0,0.24294030666351318,108.0,594.0,0.4198857545852661,start,0
164.0,74.0,0.6947726607322693,179.0,66.0,0.6953208446502686,149.0,65.0,0.6692972183227539,194.0,89.0,0.7656596899032593,127.0,89.0,0.6436789035797119,233.0,170.0,0.872310221195221,84.0,167.0,0.7138082981109619,262.0,274.0,0.7136502265930176,62.0,272.0,0.7836357355117798,211.0,176.0,0.8228756189346313,119.0,170.0,0.8413119316101074,211.0,407.0,0.9037579298019409,115.0,406.0,0.867727518081665,256.0,567.0,0.8009217977523804,82.0,569.0,0.6439458131790161,279.0,737.0,0.8267136216163635,66.0,737.0,0.8510941863059998,start,0
159.0,88.0,0.6449132561683655,172.0,81.0,0.5920342206954956,148.0,79.0,0.6772412657737732,185.0,90.0,0.8240383863449097,130.0,90.0,0.8112703561782837,215.0,145.0,0.7762945294380188,95.0,141.0,0.7491248250007629,245.0,191.0,0.6691029071807861,69.0,195.0,0.7812845706939697,190.0,118.0,0.7756890058517456,117.0,119.0,0.728671669960022,207.0,292.0,0.7753680348396301,123.0,295.0,0.7918704152107239,245.0,487.0,0.8090823292732239,97.0,488.0,0.8813549876213074,265.0,575.0,0.2719753682613373,86.0,575.0,0.07900571823120117,start,0
176.0,51.0,0.49953317642211914,190.0,39.0,0.6591081619262695,163.0,42.0,0.4842117130756378,208.0,61.0,0.4586060047149658,142.0,65.0,0.6924545168876648,254.0,150.0,0.7397688627243042,104.0,153.0,0.8615636229515076,298.0,270.0,0.8900845050811768,52.0,270.0,0.9109911918640137,324.0,178.0,0.6860259771347046,49.0,167.0,0.8031337261199951,240.0,392.0,0.9112125635147095,132.0,389.0,0.8800758123397827,278.0,613.0,0.8782565593719482,76.0,599.0,0.8053309917449951,302.0,808.0,0.8089290261268616,46.0,786.0,0.8323178887367249,start,0
172.0,72.0,0.6028649210929871,182.0,68.0,0.6843780279159546,161.0,67.0,0.702133297920227,196.0,80.0,0.5958794355392456,142.0,84.0,0.7967960834503174,234.0,134.0,0.9236230254173279,108.0,139.0,0.8818249702453613,251.0,211.0,0.7145113348960876,91.0,219.0,0.8173791170120239,199.0,130.0,0.7618637681007385,134.0,128.0,0.7762724161148071,214.0,300.0,0.8853064775466919,139.0,302.0,0.8674582242965698,243.0,457.0,0.8437328934669495,117.0,458.0,0.7711283564567566,270.0,598.0,0.8026748895645142,98.0,593.0,0.9087541103363037,start,0
305.0,42.0,0.803630530834198,321.0,37.0,0.8666106462478638,293.0,38.0,0.7598887085914612,343.0,68.0,0.81072998046875,280.0,66.0,0.8559209108352661,373.0,137.0,0.9153507351875305,243.0,133.0,0.9716356992721558,429.0,229.0,0.9602236151695251,185.0,221.0,0.959006667137146,491.0,155.0,0.8871352672576904,127.0,164.0,0.8821240663528442,351.0,336.0,0.9348837733268738,255.0,333.0,0.8590659499168396,380.0,524.0,0.9219766855239868,224.0,522.0,0.8327153921127319,416.0,684.0,0.6299790740013123,192.0,685.0,0.7447105646133423,start,0
275.0,21.0,0.28937751054763794,267.0,10.0,0.34475451707839966,277.0,14.0,0.4525826871395111,244.0,25.0,0.5236119031906128,288.0,18.0,0.49024447798728943,338.0,110.0,0.8387728333473206,202.0,110.0,0.878435492515564,392.0,222.0,0.9509842395782471,143.0,226.0,0.9184207916259766,421.0,116.0,0.5552937984466553,107.0,133.0,0.6871365308761597,312.0,342.0,0.9272047877311707,207.0,340.0,0.8985474705696106,361.0,565.0,0.8363815546035767,168.0,558.0,0.7456569671630859,405.0,752.0,0.8200585842132568,136.0,763.0,0.8348896503448486,start,0
217.0,88.0,0.569474995136261,230.0,80.0,0.6059234142303467,206.0,78.0,0.6879879236221313,250.0,89.0,0.7965450286865234,193.0,90.0,0.8245820999145508,290.0,144.0,0.8407376408576965,163.0,141.0,0.7984312176704407,308.0,192.0,0.8825057744979858,135.0,190.0,0.8021059036254883,264.0,120.0,0.8766674995422363,188.0,115.0,0.6665525436401367,259.0,297.0,0.5970908403396606,173.0,294.0,0.8167647123336792,280.0,492.0,0.7900044322013855,135.0,477.0,0.8003066778182983,285.0,580.0,0.16854406893253326,168.0,574.0,0.17536769807338715,start,0
189.0,188.0,0.8117160201072693,198.0,179.0,0.8989837169647217,176.0,181.0,0.6615848541259766,214.0,192.0,0.826617956161499,159.0,200.0,0.7717375159263611,253.0,252.0,0.8936914205551147,127.0,254.0,0.9628694653511047,292.0,332.0,0.8822288513183594,106.0,340.0,0.8527770638465881,235.0,271.0,0.8841383457183838,159.0,274.0,0.8695350885391235,243.0,399.0,0.6241002678871155,165.0,409.0,0.8717380166053772,262.0,515.0,0.5453977584838867,176.0,536.0,0.15397648513317108,284.0,677.0,0.7869436740875244,165.0,679.0,0.2827717065811157,start,0
191.0,79.0,0.5661301612854004,208.0,70.0,0.6047248840332031,176.0,74.0,0.789524495601654,236.0,92.0,0.740935206413269,165.0,99.0,0.7779150605201721,285.0,165.0,0.7607659101486206,126.0,172.0,0.8731735348701477,305.0,270.0,0.9189496040344238,98.0,268.0,0.8830946087837219,241.0,159.0,0.5510902404785156,153.0,166.0,0.6504859924316406,246.0,393.0,0.8469945788383484,153.0,393.0,0.8624465465545654,270.0,579.0,0.6871604323387146,116.0,573.0,0.7758945226669312,293.0,752.0,0.8857177495956421,79.0,747.0,0.8310733437538147,start,0
199.0,45.0,0.49967750906944275,213.0,42.0,0.6322910785675049,185.0,50.0,0.46056419610977173,233.0,69.0,0.7097180485725403,160.0,73.0,0.7317907810211182,283.0,153.0,0.9147771596908569,123.0,157.0,0.9075278043746948,329.0,277.0,0.883776843547821,79.0,281.0,0.9350584745407104,348.0,180.0,0.7344024181365967,74.0,170.0,0.6091075539588928,261.0,394.0,0.9187535643577576,152.0,392.0,0.8257263898849487,301.0,610.0,0.927676796913147,109.0,620.0,0.6801491379737854,344.0,823.0,0.8791292905807495,67.0,825.0,0.8822909593582153,start,0
237.0,50.0,0.6817044019699097,250.0,46.0,0.7327483296394348,226.0,46.0,0.7041141986846924,271.0,66.0,0.8350195288658142,215.0,66.0,0.7632579803466797,307.0,124.0,0.8695855140686035,180.0,124.0,0.8907126188278198,322.0,203.0,0.8522973656654358,151.0,193.0,0.6378064751625061,277.0,121.0,0.6701233386993408,207.0,117.0,0.8147397041320801,274.0,290.0,0.9143831729888916,200.0,290.0,0.8953394293785095,294.0,448.0,0.7875522971153259,165.0,451.0,0.716045618057251,310.0,588.0,0.7352997660636902,142.0,592.0,0.891266942024231,start,0
170.0,75.0,0.6607270240783691,185.0,71.0,0.5660462379455566,158.0,70.0,0.606421947479248,202.0,89.0,0.5822358131408691,136.0,94.0,0.7902902960777283,248.0,154.0,0.9170958399772644,95.0,161.0,0.8549429774284363,270.0,247.0,0.8712944984436035,74.0,259.0,0.7367984056472778,206.0,151.0,0.7608253359794617,124.0,150.0,0.838714063167572,223.0,359.0,0.8812204599380493,131.0,361.0,0.871940553188324,257.0,549.0,0.8308981657028198,106.0,553.0,0.8899760842323303,293.0,724.0,0.7792477011680603,81.0,721.0,0.8426172733306885,start,0
205.0,84.0,0.5168188810348511,217.0,77.0,0.6477607488632202,193.0,77.0,0.6698648929595947,237.0,93.0,0.6692444086074829,180.0,94.0,0.7535435557365417,273.0,151.0,0.863932192325592,150.0,159.0,0.7262629270553589,286.0,239.0,0.9305499792098999,123.0,242.0,0.7982587218284607,233.0,153.0,0.8331558704376221,167.0,160.0,0.7538608312606812,242.0,331.0,0.8630714416503906,167.0,333.0,0.8533998131752014,263.0,479.0,0.6389675140380859,132.0,477.0,0.7846624851226807,278.0,625.0,0.9042968153953552,101.0,620.0,0.9242113828659058,start,0
199.0,41.0,0.48668572306632996,208.0,38.0,0.5329911708831787,186.0,38.0,0.6315670609474182,227.0,56.0,0.636689305305481,168.0,56.0,0.5066953301429749,257.0,111.0,0.8445672988891602,137.0,106.0,0.9517418742179871,267.0,181.0,0.7354772090911865,141.0,180.0,0.8299620747566223,229.0,90.0,0.6700464487075806,170.0,91.0,0.5534744262695312,249.0,280.0,0.8416894674301147,172.0,285.0,0.8360300064086914,272.0,433.0,0.7745386362075806,147.0,439.0,0.8051099181175232,305.0,597.0,0.8821596503257751,121.0,590.0,0.7424740195274353,start,0
205.0,17.0,0.38179484009742737,215.0,13.0,0.37750163674354553,192.0,15.0,0.4698878824710846,226.0,27.0,0.476600706577301,171.0,30.0,0.6452913880348206,278.0,112.0,0.8892521858215332,125.0,110.0,0.9177254438400269,326.0,227.0,0.9228250980377197,80.0,230.0,0.9249846339225769,366.0,134.0,0.865302324295044,57.0,127.0,0.8125160932540894,262.0,321.0,0.915442168712616,156.0,321.0,0.8730672597885132,299.0,546.0,0.797789454460144,118.0,549.0,0.7037402391433716,340.0,757.0,0.831138014793396,72.0,747.0,0.8365047574043274,start,0
150.0,82.0,0.5062540769577026,161.0,76.0,0.6224304437637329,138.0,75.0,0.5715442895889282,177.0,86.0,0.7368456721305847,119.0,89.0,0.7247537970542908,212.0,146.0,0.8518856763839722,84.0,146.0,0.804510772228241,246.0,216.0,0.8288221955299377,66.0,211.0,0.9078503251075745,186.0,130.0,0.8310878276824951,119.0,125.0,0.7432940602302551,202.0,309.0,0.8704067468643188,119.0,313.0,0.9136497974395752,236.0,474.0,0.7314225435256958,84.0,495.0,0.807759165763855,266.0,625.0,0.8442205786705017,71.0,626.0,0.6501916646957397,start,0
217.0,63.0,0.5711965560913086,230.0,55.0,0.7641165852546692,204.0,54.0,0.7235768437385559,249.0,72.0,0.7428440451622009,192.0,72.0,0.6872695684432983,286.0,130.0,0.7975266575813293,156.0,137.0,0.8849642872810364,298.0,223.0,0.8799113631248474,141.0,223.0,0.8957206606864929,252.0,137.0,0.705915093421936,182.0,145.0,0.875038743019104,256.0,311.0,0.8536263704299927,180.0,313.0,0.8801710605621338,289.0,455.0,0.6450614929199219,146.0,453.0,0.6239577531814575,303.0,597.0,0.8808528184890747,127.0,596.0,0.905059278011322,start,0
149.0,56.0,0.7578446269035339,162.0,51.0,0.5927851796150208,137.0,51.0,0.7168365716934204,175.0,71.0,0.6763294339179993,120.0,72.0,0.4778352975845337,208.0,131.0,0.8616411685943604,84.0,133.0,0.9205551743507385,225.0,223.0,0.8487418293952942,71.0,224.0,0.8706915974617004,181.0,142.0,0.8040410280227661,111.0,137.0,0.8560431003570557,188.0,316.0,0.9117393493652344,113.0,314.0,0.892815887928009,223.0,458.0,0.6776860952377319,75.0,458.0,0.6841349005699158,238.0,598.0,0.908305287361145,62.0,594.0,0.9009299278259277,start,0
271.0,36.0,0.3905833065509796,281.0,33.0,0.5260688066482544,259.0,35.0,0.6260792016983032,303.0,57.0,0.6469205617904663,238.0,60.0,0.6751725673675537,345.0,120.0,0.8712117075920105,211.0,127.0,0.9443987607955933,397.0,209.0,0.8526170253753662,170.0,221.0,0.7782963514328003,427.0,133.0,0.6985413432121277,142.0,143.0,0.7484393119812012,330.0,328.0,0.9375400543212891,234.0,328.0,0.8339036703109741,361.0,508.0,0.7828626036643982,201.0,514.0,0.8703457117080688,388.0,656.0,0.6898913383483887,168.0,660.0,0.8509150743484497,start,0
188.0,44.0,0.579362690448761,200.0,38.0,0.6942408084869385,176.0,34.0,0.6613878011703491,210.0,56.0,0.7931401133537292,154.0,51.0,0.6393827199935913,244.0,115.0,0.8619006872177124,111.0,115.0,0.9183712005615234,263.0,206.0,0.8465386033058167,95.0,204.0,0.865850031375885,212.0,121.0,0.6602247953414917,142.0,121.0,0.6102415323257446,222.0,302.0,0.8812023997306824,146.0,305.0,0.8642615079879761,248.0,447.0,0.7038277387619019,124.0,445.0,0.7165191173553467,276.0,592.0,0.9063264727592468,101.0,585.0,0.8624991178512573,start,0
247.0,75.0,0.7204389572143555,265.0,68.0,0.5374352335929871,233.0,67.0,0.5450670123100281,290.0,88.0,0.7125428915023804,221.0,89.0,0.6602813005447388,340.0,161.0,0.8394297957420349,182.0,171.0,0.7750283479690552,355.0,268.0,0.8982486724853516,153.0,272.0,0.8876517415046692,291.0,165.0,0.8258002400398254,208.0,170.0,0.7018200159072876,298.0,399.0,0.9065537452697754,202.0,403.0,0.8999021649360657,335.0,575.0,0.5970243215560913,160.0,566.0,0.6651201844215393,346.0,748.0,0.841545581817627,133.0,735.0,0.822397768497467,start,0
231.0,73.0,0.7011531591415405,245.0,68.0,0.599596381187439,217.0,68.0,0.6740446090698242,270.0,91.0,0.6914986371994019,202.0,94.0,0.7845112085342407,316.0,164.0,0.8336337804794312,161.0,163.0,0.8608490228652954,334.0,263.0,0.8450145721435547,127.0,252.0,0.642448365688324,279.0,159.0,0.8188318014144897,192.0,156.0,0.8910982608795166,276.0,367.0,0.9083579182624817,185.0,366.0,0.8709766268730164,301.0,563.0,0.7530298233032227,142.0,566.0,0.7658600807189941,318.0,730.0,0.714958667755127,114.0,737.0,0.8906806707382202,start,0
254.0,25.0,0.3079559803009033,269.0,14.0,0.35662102699279785,246.0,16.0,0.6018627882003784,283.0,23.0,0.5470430850982666,231.0,25.0,0.6314927339553833,333.0,109.0,0.8253109455108643,182.0,111.0,0.9306126236915588,378.0,224.0,0.9371927976608276,132.0,231.0,0.6110061407089233,411.0,123.0,0.8318157196044922,102.0,133.0,0.8516882658004761,305.0,324.0,0.9268667697906494,199.0,322.0,0.8982807397842407,344.0,555.0,0.7962698936462402,155.0,551.0,0.7789204120635986,386.0,746.0,0.8553498983383179,119.0,757.0,0.8798435926437378,start,0
295.0,45.0,0.36172372102737427,303.0,36.0,0.6081339120864868,286.0,37.0,0.6490069627761841,317.0,57.0,0.608445405960083,260.0,58.0,0.757024884223938,352.0,118.0,0.829414963722229,217.0,116.0,0.7513985633850098,398.0,214.0,0.8679949641227722,170.0,215.0,0.8357535600662231,423.0,135.0,0.7590786814689636,140.0,134.0,0.7684736251831055,331.0,322.0,0.9090301990509033,235.0,320.0,0.9011044502258301,362.0,507.0,0.8249942064285278,206.0,509.0,0.8089145421981812,400.0,664.0,0.8356573581695557,177.0,664.0,0.7598599195480347,start,0
210.0,38.0,0.7760698199272156,222.0,32.0,0.814323365688324,194.0,32.0,0.46105432510375977,237.0,49.0,0.8188409805297852,177.0,52.0,0.8162446618080139,273.0,116.0,0.9076870679855347,147.0,115.0,0.735049843788147,281.0,204.0,0.6538083553314209,145.0,203.0,0.6842430233955383,241.0,116.0,0.6487867832183838,170.0,124.0,0.6356946229934692,255.0,291.0,0.8108625411987305,179.0,293.0,0.7867790460586548,283.0,434.0,0.9032594561576843,152.0,442.0,0.8074965476989746,311.0,602.0,0.9007159471511841,125.0,597.0,0.8237233757972717,start,0
218.0,42.0,0.5941143035888672,227.0,38.0,0.5673664808273315,210.0,37.0,0.5986130237579346,244.0,49.0,0.7771250009536743,197.0,52.0,0.481419175863266,277.0,107.0,0.8577964305877686,165.0,105.0,0.8461138606071472,288.0,161.0,0.8417676091194153,147.0,158.0,0.8333304524421692,252.0,80.0,0.47634056210517883,182.0,75.0,0.5467369556427002,247.0,262.0,0.8972359895706177,178.0,262.0,0.8937340974807739,275.0,428.0,0.8759347796440125,147.0,418.0,0.838170051574707,299.0,559.0,0.842022716999054,123.0,560.0,0.7605952024459839,start,0
207.0,78.0,0.5717527866363525,221.0,70.0,0.6993839740753174,195.0,71.0,0.7275882959365845,240.0,88.0,0.6810061931610107,173.0,92.0,0.6483631134033203,284.0,157.0,0.9113777875900269,130.0,160.0,0.9165122509002686,306.0,251.0,0.8667591214179993,110.0,254.0,0.8360960483551025,248.0,155.0,0.7544174194335938,159.0,156.0,0.5364692211151123,258.0,372.0,0.8883375525474548,163.0,372.0,0.8656108379364014,297.0,554.0,0.7819053530693054,134.0,552.0,0.7607990503311157,324.0,734.0,0.8277356028556824,107.0,731.0,0.8408181071281433,start,0
210.0,52.0,0.6607266664505005,224.0,46.0,0.7504777908325195,199.0,47.0,0.7483589053153992,246.0,64.0,0.7831202149391174,189.0,67.0,0.7022885084152222,284.0,120.0,0.8799954652786255,158.0,123.0,0.8775105476379395,297.0,203.0,0.929219663143158,133.0,199.0,0.865062952041626,247.0,119.0,0.8039016127586365,180.0,121.0,0.6005924940109253,250.0,298.0,0.8805161714553833,174.0,301.0,0.8351379036903381,274.0,449.0,0.7483664751052856,146.0,443.0,0.7515372633934021,295.0,591.0,0.9068107008934021,120.0,597.0,0.893729567527771,start,0
283.0,67.0,0.8724765777587891,297.0,64.0,0.6617686748504639,266.0,64.0,0.5638271570205688,318.0,98.0,0.8811840415000916,245.0,97.0,0.8261353373527527,365.0,170.0,0.8500997424125671,209.0,171.0,0.9117926359176636,408.0,275.0,0.8868532776832581,154.0,280.0,0.8750835061073303,451.0,193.0,0.9108436107635498,127.0,189.0,0.5382469892501831,331.0,356.0,0.8951293230056763,240.0,352.0,0.8656713962554932,411.0,386.0,0.7362595796585083,154.0,376.0,0.8245903253555298,397.0,582.0,0.789980947971344,162.0,567.0,0.7954212427139282,end,1
218.0,73.0,0.5321642756462097,233.0,69.0,0.8194072246551514,205.0,67.0,0.7779944539070129,251.0,97.0,0.6288655996322632,185.0,93.0,0.7735430002212524,285.0,176.0,0.8929051160812378,142.0,164.0,0.9184651374816895,284.0,297.0,0.8326202034950256,117.0,287.0,0.8626421689987183,253.0,210.0,0.6866434812545776,167.0,200.0,0.7906676530838013,246.0,348.0,0.7606565356254578,170.0,346.0,0.8450108170509338,312.0,383.0,0.8190319538116455,104.0,377.0,0.8561171889305115,309.0,550.0,0.8555604219436646,119.0,558.0,0.884423017501831,end,1
286.0,71.0,0.7089543342590332,279.0,62.0,0.6971842646598816,273.0,59.0,0.8189796805381775,249.0,72.0,0.7008124589920044,231.0,73.0,0.8719094395637512,302.0,168.0,0.879074215888977,161.0,147.0,0.7871845960617065,284.0,287.0,0.7764231562614441,126.0,267.0,0.8605294227600098,259.0,192.0,0.5469586253166199,180.0,176.0,0.6718546748161316,245.0,338.0,0.851516604423523,175.0,335.0,0.8980199098587036,314.0,360.0,0.7699990272521973,105.0,360.0,0.9149941205978394,306.0,528.0,0.9156426191329956,116.0,533.0,0.929585874080658,end,1
176.0,68.0,0.7355664968490601,189.0,64.0,0.831151008605957,162.0,65.0,0.8787301778793335,205.0,95.0,0.8613919019699097,143.0,97.0,0.833172082901001,247.0,161.0,0.920899510383606,105.0,167.0,0.9674275517463684,272.0,279.0,0.8619494438171387,89.0,281.0,0.8976358771324158,224.0,220.0,0.6921341419219971,128.0,224.0,0.7971569895744324,216.0,326.0,0.7401766777038574,145.0,326.0,0.8255961537361145,272.0,338.0,0.9010998010635376,83.0,329.0,0.9219406843185425,268.0,494.0,0.9466814398765564,93.0,492.0,0.8531296253204346,end,1
220.0,94.0,0.7644777894020081,238.0,86.0,0.7772452235221863,206.0,87.0,0.8548858165740967,269.0,114.0,0.8683847188949585,194.0,110.0,0.5776444673538208,320.0,199.0,0.9011871218681335,146.0,193.0,0.9639647006988525,333.0,337.0,0.8405110836029053,119.0,333.0,0.9149587750434875,284.0,247.0,0.8777263760566711,180.0,249.0,0.8065385818481445,266.0,392.0,0.5659286975860596,189.0,392.0,0.8602929711341858,336.0,380.0,0.9277759194374084,110.0,375.0,0.9116820693016052,332.0,578.0,0.8086166381835938,117.0,575.0,0.8501960039138794,end,1
226.0,94.0,0.7643581032752991,238.0,89.0,0.8299224376678467,207.0,86.0,0.812308669090271,249.0,114.0,0.8238749504089355,177.0,117.0,0.8257443904876709,301.0,194.0,0.7528318166732788,128.0,197.0,0.8753264546394348,328.0,334.0,0.8552708029747009,113.0,337.0,0.9644985198974609,268.0,244.0,0.7959920763969421,163.0,251.0,0.7872915267944336,259.0,396.0,0.7281631827354431,181.0,396.0,0.8641176223754883,343.0,382.0,0.7396426200866699,110.0,377.0,0.8470203280448914,327.0,578.0,0.8649939894676208,114.0,575.0,0.8163284659385681,end,1
212.0,72.0,0.8028491139411926,227.0,65.0,0.8422142267227173,200.0,67.0,0.7391797304153442,251.0,95.0,0.6718948483467102,188.0,95.0,0.7611496448516846,291.0,176.0,0.9098581075668335,146.0,168.0,0.8815146684646606,277.0,297.0,0.6230359673500061,139.0,296.0,0.8996739387512207,255.0,199.0,0.5849517583847046,173.0,187.0,0.7002056837081909,247.0,340.0,0.7962065935134888,173.0,338.0,0.822781503200531,314.0,358.0,0.6780692338943481,108.0,353.0,0.8654448986053467,304.0,529.0,0.6528672575950623,116.0,534.0,0.8669396042823792,end,1
270.0,70.0,0.8190450668334961,287.0,65.0,0.4004375636577606,254.0,66.0,0.6456987857818604,310.0,102.0,0.74659264087677,232.0,102.0,0.8197345733642578,360.0,190.0,0.853205680847168,182.0,182.0,0.9010000824928284,372.0,336.0,0.8293530941009521,159.0,328.0,0.93111652135849,324.0,250.0,0.6919991970062256,214.0,250.0,0.8446612358093262,306.0,383.0,0.8127949237823486,218.0,380.0,0.8632236123085022,380.0,397.0,0.8702557682991028,153.0,403.0,0.9447689652442932,374.0,591.0,0.8805656433105469,159.0,595.0,0.9033455848693848,end,1
182.0,30.0,0.8305864334106445,195.0,28.0,0.8017297983169556,168.0,27.0,0.8034664392471313,214.0,60.0,0.7590731382369995,151.0,61.0,0.7037070989608765,252.0,128.0,0.9077573418617249,111.0,124.0,0.846614420413971,260.0,242.0,0.7796980142593384,93.0,242.0,0.852354884147644,223.0,174.0,0.8101968765258789,135.0,177.0,0.8275814652442932,211.0,280.0,0.8162234425544739,139.0,279.0,0.8138986825942993,268.0,285.0,0.9327182769775391,86.0,283.0,0.8593294024467468,269.0,443.0,0.7319172024726868,91.0,442.0,0.918540358543396,end,1
207.0,80.0,0.7689458131790161,221.0,77.0,0.7222486138343811,194.0,78.0,0.8281862139701843,240.0,108.0,0.824157178401947,180.0,108.0,0.5784775018692017,279.0,172.0,0.9335566759109497,137.0,167.0,0.9317616820335388,285.0,282.0,0.6599094867706299,121.0,280.0,0.9205692410469055,251.0,212.0,0.8383908867835999,164.0,219.0,0.835172712802887,235.0,336.0,0.6062456369400024,171.0,333.0,0.8263368606567383,302.0,310.0,0.9088202118873596,112.0,314.0,0.8876029253005981,292.0,472.0,0.700965166091919,117.0,470.0,0.885920524597168,end,1
243.0,71.0,0.8619897365570068,257.0,62.0,0.9428909420967102,222.0,66.0,0.8305319547653198,279.0,91.0,0.5459015369415283,200.0,97.0,0.8695340752601624,332.0,182.0,0.9122706651687622,161.0,186.0,0.9616740942001343,380.0,305.0,0.9639878273010254,109.0,311.0,0.9346897006034851,424.0,205.0,0.9383860230445862,74.0,215.0,0.7582930326461792,300.0,403.0,0.9189754724502563,201.0,396.0,0.8723674416542053,388.0,445.0,0.9275328516960144,97.0,437.0,0.8200581669807434,372.0,686.0,0.8612262606620789,103.0,672.0,0.8860145807266235,end,1
288.0,63.0,0.811855673789978,304.0,60.0,0.9168122410774231,274.0,59.0,0.8423736095428467,323.0,91.0,0.844542384147644,253.0,88.0,0.8442691564559937,363.0,162.0,0.8885024189949036,208.0,164.0,0.9738184213638306,425.0,247.0,0.9465594291687012,148.0,243.0,0.9748791456222534,491.0,180.0,0.8111048936843872,81.0,185.0,0.6157209873199463,331.0,342.0,0.9156137108802795,246.0,339.0,0.8611866235733032,414.0,359.0,0.921579122543335,172.0,359.0,0.9213435649871826,414.0,556.0,0.773654580116272,180.0,550.0,0.5711016654968262,end,1
204.0,71.0,0.7263725996017456,221.0,69.0,0.7653818726539612,191.0,71.0,0.7792801260948181,241.0,106.0,0.7721768617630005,176.0,106.0,0.5767229199409485,281.0,179.0,0.7464799880981445,134.0,176.0,0.8539541959762573,262.0,294.0,0.7786753177642822,131.0,295.0,0.904668390750885,245.0,205.0,0.5611339807510376,164.0,190.0,0.8488778471946716,231.0,341.0,0.756028413772583,158.0,339.0,0.7991814017295837,297.0,358.0,0.6978595852851868,101.0,357.0,0.8047007322311401,291.0,531.0,0.9293901920318604,104.0,534.0,0.8708940744400024,end,1
243.0,69.0,0.8181570768356323,258.0,61.0,0.9184815287590027,223.0,65.0,0.8439052104949951,280.0,95.0,0.6862781047821045,199.0,101.0,0.8077664375305176,332.0,185.0,0.7966923117637634,158.0,188.0,0.9560049772262573,379.0,309.0,0.9635000824928284,102.0,312.0,0.9258854389190674,422.0,206.0,0.8844007849693298,71.0,206.0,0.7235797047615051,295.0,411.0,0.9047867059707642,195.0,405.0,0.8078035116195679,388.0,451.0,0.8265013694763184,87.0,442.0,0.87965989112854,370.0,686.0,0.7499045133590698,97.0,675.0,0.8121255040168762,end,1
209.0,72.0,0.818889319896698,222.0,63.0,0.7288858890533447,195.0,63.0,0.8728120923042297,241.0,84.0,0.6307681798934937,180.0,85.0,0.6696637868881226,277.0,162.0,0.9488431811332703,137.0,160.0,0.8601539134979248,271.0,285.0,0.6242687106132507,133.0,280.0,0.8897120356559753,246.0,201.0,0.7309644222259521,167.0,184.0,0.6619765758514404,235.0,331.0,0.6118465662002563,168.0,331.0,0.818752646446228,296.0,327.0,0.8998818397521973,110.0,322.0,0.9043319821357727,296.0,500.0,0.8352382183074951,109.0,500.0,0.817936360836029,end,1
206.0,92.0,0.7439968585968018,222.0,85.0,0.7243638038635254,194.0,82.0,0.863508403301239,240.0,107.0,0.6916603446006775,175.0,99.0,0.8496281504631042,285.0,172.0,0.8809403777122498,128.0,168.0,0.9288172721862793,306.0,296.0,0.8381021022796631,88.0,290.0,0.911238968372345,251.0,206.0,0.8525792360305786,156.0,212.0,0.8567777872085571,238.0,362.0,0.7105534672737122,160.0,360.0,0.8539191484451294,305.0,333.0,0.7592043280601501,102.0,319.0,0.9031990170478821,300.0,542.0,0.647274374961853,99.0,526.0,0.8030481338500977,end,1
203.0,89.0,0.7343082427978516,203.0,79.0,0.6808794736862183,185.0,78.0,0.7611958980560303,186.0,91.0,0.6167311072349548,145.0,99.0,0.8516638278961182,253.0,176.0,0.9457833170890808,92.0,185.0,0.9123058319091797,287.0,294.0,0.9239659309387207,74.0,311.0,0.9048869013786316,217.0,201.0,0.6593514680862427,122.0,214.0,0.7862070798873901,220.0,365.0,0.8203275799751282,145.0,362.0,0.7797834277153015,288.0,365.0,0.7539442181587219,70.0,372.0,0.9443118572235107,282.0,570.0,0.8002726435661316,82.0,581.0,0.7193578481674194,end,1
153.0,30.0,0.8032400608062744,166.0,28.0,0.7754034996032715,139.0,28.0,0.8059594035148621,181.0,62.0,0.709395170211792,120.0,61.0,0.7810351848602295,223.0,125.0,0.8788601756095886,83.0,130.0,0.8564156293869019,241.0,239.0,0.8770436644554138,70.0,243.0,0.6865206956863403,198.0,173.0,0.7149296402931213,109.0,182.0,0.8068104982376099,191.0,280.0,0.8320708870887756,123.0,284.0,0.8146657943725586,251.0,291.0,0.7753185033798218,66.0,284.0,0.9150090217590332,242.0,445.0,0.8949547410011292,67.0,441.0,0.9201933741569519,end,1
219.0,103.0,0.8660216331481934,218.0,94.0,0.8675475120544434,202.0,92.0,0.8154966831207275,198.0,105.0,0.6765647530555725,159.0,112.0,0.9179213047027588,265.0,194.0,0.8449316024780273,101.0,197.0,0.8984820246696472,292.0,317.0,0.8897773027420044,81.0,326.0,0.8874720335006714,232.0,228.0,0.853916347026825,132.0,231.0,0.7720552086830139,223.0,382.0,0.8134108781814575,150.0,380.0,0.8621470332145691,293.0,354.0,0.8254003524780273,70.0,366.0,0.8504698276519775,288.0,563.0,0.7100614905357361,87.0,579.0,0.8636759519577026,end,1
177.0,66.0,0.8496053218841553,193.0,65.0,0.6436034440994263,159.0,63.0,0.7178828716278076,212.0,106.0,0.7542312145233154,133.0,102.0,0.8230774402618408,263.0,187.0,0.9365817308425903,84.0,188.0,0.9662187099456787,286.0,330.0,0.7939143776893616,73.0,333.0,0.9509826302528381,229.0,245.0,0.7381163835525513,116.0,257.0,0.8655322790145874,227.0,385.0,0.6066229343414307,138.0,386.0,0.7790173888206482,297.0,403.0,0.8974933624267578,66.0,397.0,0.8484965562820435,286.0,594.0,0.8910807371139526,71.0,594.0,0.9089875221252441,end,1
215.0,199.0,0.4630133807659149,230.0,188.0,0.7984359860420227,200.0,189.0,0.8075087070465088,249.0,205.0,0.8287299871444702,184.0,206.0,0.7995582818984985,285.0,286.0,0.8839645385742188,139.0,276.0,0.9148858189582825,265.0,409.0,0.3356451094150543,139.0,403.0,0.5852751731872559,248.0,314.0,0.556241512298584,171.0,309.0,0.659444272518158,240.0,459.0,0.706125020980835,168.0,460.0,0.8533887267112732,330.0,419.0,0.8281939625740051,96.0,431.0,0.7329796552658081,305.0,602.0,0.9355432987213135,116.0,603.0,0.9149717092514038,end,1
136.0,70.0,0.6833815574645996,150.0,58.0,0.8309208750724792,142.0,60.0,0.8161805868148804,194.0,75.0,0.8168676495552063,175.0,73.0,0.7281283140182495,266.0,150.0,0.8762277960777283,125.0,175.0,0.9036362767219543,294.0,267.0,0.8874706625938416,138.0,287.0,0.8456003665924072,235.0,174.0,0.6449644565582275,156.0,190.0,0.6067284345626831,249.0,335.0,0.766802966594696,175.0,332.0,0.7123076915740967,321.0,362.0,0.7025386095046997,110.0,362.0,0.9337329864501953,308.0,535.0,0.7881921529769897,116.0,531.0,0.8541609644889832,end,1
263.0,78.0,0.7029855251312256,283.0,73.0,0.7683358192443848,249.0,71.0,0.8143334984779358,304.0,112.0,0.6139514446258545,224.0,104.0,0.7839024066925049,348.0,198.0,0.8027322888374329,175.0,201.0,0.8875064849853516,403.0,323.0,0.9253700375556946,124.0,320.0,0.943987250328064,437.0,218.0,0.5981640219688416,81.0,223.0,0.8490948677062988,313.0,424.0,0.9155802130699158,214.0,421.0,0.8906750679016113,422.0,445.0,0.9325023889541626,121.0,453.0,0.940929651260376,414.0,680.0,0.6136029958724976,138.0,680.0,0.7730462551116943,end,1
276.0,109.0,0.643632173538208,293.0,105.0,0.5303307771682739,261.0,106.0,0.7024680376052856,317.0,140.0,0.7312390804290771,240.0,143.0,0.8237550258636475,366.0,230.0,0.8818992376327515,188.0,224.0,0.9087395668029785,382.0,373.0,0.8616812229156494,158.0,370.0,0.8715803623199463,330.0,295.0,0.8371613025665283,220.0,301.0,0.8999180197715759,316.0,430.0,0.7824632525444031,225.0,424.0,0.7612552642822266,396.0,431.0,0.8806304931640625,163.0,430.0,0.9135899543762207,377.0,621.0,0.8563412427902222,165.0,625.0,0.8509303331375122,end,1
210.0,88.0,0.7773869633674622,227.0,85.0,0.7257722020149231,195.0,84.0,0.7496340274810791,250.0,120.0,0.7924168109893799,175.0,119.0,0.740166425704956,296.0,200.0,0.915291428565979,122.0,199.0,0.9391750693321228,312.0,341.0,0.6564043760299683,96.0,341.0,0.9251483082771301,260.0,254.0,0.8003565073013306,155.0,263.0,0.849061906337738,243.0,394.0,0.6812896728515625,164.0,391.0,0.7695424556732178,318.0,374.0,0.7508960962295532,95.0,375.0,0.9123461246490479,312.0,567.0,0.73403400182724,102.0,565.0,0.8290884494781494,end,1
258.0,99.0,0.8566820621490479,274.0,94.0,0.49878406524658203,241.0,94.0,0.7817540764808655,297.0,127.0,0.7627699375152588,220.0,126.0,0.7710975408554077,342.0,214.0,0.8192726373672485,167.0,207.0,0.9426348209381104,357.0,352.0,0.7236524820327759,139.0,348.0,0.9221913814544678,309.0,271.0,0.7966330051422119,201.0,275.0,0.7968074679374695,290.0,410.0,0.7374545335769653,206.0,407.0,0.8454017639160156,357.0,386.0,0.8281657099723816,143.0,382.0,0.8895339965820312,356.0,583.0,0.7909454703330994,147.0,576.0,0.8841806650161743,end,1
197.0,71.0,0.5909371376037598,209.0,64.0,0.808530330657959,182.0,64.0,0.8294888734817505,226.0,82.0,0.6736833453178406,165.0,84.0,0.8480558395385742,269.0,162.0,0.8277611136436462,126.0,163.0,0.9075965881347656,270.0,281.0,0.5724549889564514,136.0,287.0,0.7183314561843872,237.0,186.0,0.8036696910858154,159.0,192.0,0.6229199171066284,241.0,324.0,0.6181728839874268,174.0,326.0,0.8176422119140625,301.0,323.0,0.6767255067825317,116.0,326.0,0.8531981110572815,296.0,499.0,0.7940137982368469,111.0,497.0,0.9075755476951599,end,1
222.0,111.0,0.8013142943382263,237.0,107.0,0.5232608318328857,205.0,105.0,0.7132481932640076,257.0,142.0,0.8822030425071716,181.0,140.0,0.7696858644485474,307.0,226.0,0.9030450582504272,136.0,226.0,0.8935796022415161,335.0,368.0,0.9170051217079163,115.0,372.0,0.9432867169380188,278.0,296.0,0.6850898265838623,169.0,302.0,0.8280487060546875,273.0,433.0,0.8360253572463989,187.0,431.0,0.8614627122879028,338.0,437.0,0.7326034307479858,106.0,427.0,0.9053436517715454,336.0,622.0,0.795484185218811,122.0,623.0,0.6093288660049438,end,1
172.0,80.0,0.7668492794036865,183.0,79.0,0.7039273977279663,158.0,78.0,0.7386236190795898,199.0,108.0,0.778780460357666,139.0,108.0,0.6490193605422974,243.0,171.0,0.943607747554779,102.0,174.0,0.9540999531745911,258.0,283.0,0.8135662078857422,92.0,283.0,0.9221232533454895,213.0,214.0,0.7984492778778076,129.0,224.0,0.834708571434021,207.0,343.0,0.5460786819458008,143.0,342.0,0.8178800344467163,273.0,317.0,0.833811342716217,78.0,312.0,0.8351571559906006,263.0,473.0,0.8620039224624634,87.0,472.0,0.8381963968276978,end,1
240.0,96.0,0.7618640065193176,260.0,91.0,0.8548182249069214,226.0,92.0,0.8933148384094238,284.0,130.0,0.754999577999115,206.0,129.0,0.6881682872772217,331.0,214.0,0.9516569375991821,162.0,214.0,0.9369860887527466,382.0,338.0,0.9499838948249817,113.0,338.0,0.9579047560691833,415.0,235.0,0.8739912509918213,70.0,244.0,0.9095919132232666,297.0,437.0,0.8933444023132324,196.0,433.0,0.8778554201126099,400.0,470.0,0.9145590662956238,102.0,475.0,0.8101449608802795,396.0,700.0,0.6157853603363037,121.0,701.0,0.8502504825592041,end,1
258.0,68.0,0.8639394044876099,277.0,63.0,0.8237006664276123,242.0,64.0,0.879367470741272,300.0,97.0,0.8190552592277527,221.0,97.0,0.8868890404701233,343.0,185.0,0.8623415231704712,170.0,186.0,0.9337013363838196,392.0,310.0,0.9559480547904968,118.0,305.0,0.9668973088264465,430.0,206.0,0.7809621095657349,79.0,209.0,0.6224693655967712,300.0,402.0,0.8826934099197388,201.0,400.0,0.8976964950561523,408.0,437.0,0.8800519108772278,118.0,442.0,0.9446192383766174,399.0,675.0,0.7478928565979004,126.0,667.0,0.6717677116394043,end,1
238.0,97.0,0.8552291393280029,254.0,91.0,0.8349939584732056,220.0,93.0,0.7296186685562134,277.0,127.0,0.7491506338119507,197.0,130.0,0.735120415687561,324.0,217.0,0.9429411888122559,153.0,217.0,0.9633033871650696,370.0,338.0,0.9306269884109497,101.0,339.0,0.9410139322280884,418.0,244.0,0.9401624798774719,68.0,240.0,0.8345456123352051,290.0,441.0,0.8959190249443054,188.0,432.0,0.8559904098510742,381.0,477.0,0.9323899149894714,87.0,468.0,0.9398021697998047,363.0,712.0,0.761975884437561,89.0,698.0,0.889857828617096,end,1
210.0,75.0,0.8197610378265381,223.0,68.0,0.732737123966217,194.0,70.0,0.7649732232093811,241.0,93.0,0.7946898937225342,174.0,100.0,0.8734298348426819,286.0,167.0,0.8997793793678284,138.0,183.0,0.9197206497192383,309.0,287.0,0.8686615228652954,149.0,302.0,0.9278593063354492,253.0,200.0,0.7588246464729309,173.0,202.0,0.6144622564315796,261.0,345.0,0.74885493516922,186.0,342.0,0.8380783200263977,328.0,384.0,0.8384566307067871,117.0,381.0,0.9311350584030151,308.0,554.0,0.8518755435943604,119.0,552.0,0.8232397437095642,end,1
239.0,88.0,0.7263875007629395,252.0,85.0,0.739940881729126,225.0,85.0,0.5373196005821228,269.0,112.0,0.6667481660842896,205.0,116.0,0.6436419486999512,306.0,188.0,0.8513267636299133,163.0,194.0,0.9309065341949463,310.0,306.0,0.7422495484352112,179.0,313.0,0.8943232893943787,279.0,208.0,0.816597580909729,201.0,220.0,0.47715896368026733,284.0,357.0,0.788764238357544,210.0,355.0,0.8225523233413696,345.0,382.0,0.824138879776001,143.0,381.0,0.8705146312713623,332.0,557.0,0.8076084852218628,143.0,554.0,0.7469091415405273,end,1
189.0,104.0,0.8474966287612915,205.0,95.0,0.7868045568466187,189.0,96.0,0.8426225185394287,247.0,109.0,0.8796201944351196,210.0,105.0,0.7042942047119141,309.0,197.0,0.8888016939163208,147.0,190.0,0.9575948715209961,327.0,326.0,0.6013162136077881,114.0,318.0,0.857180118560791,275.0,226.0,0.8365426659584045,180.0,223.0,0.8219605088233948,262.0,377.0,0.8040575981140137,182.0,374.0,0.8250705003738403,346.0,373.0,0.9315213561058044,114.0,357.0,0.8113405704498291,318.0,576.0,0.8771350979804993,115.0,566.0,0.8310579061508179,end,1
182.0,102.0,0.7015268802642822,195.0,96.0,0.6777137517929077,170.0,96.0,0.7048135995864868,212.0,123.0,0.6755453944206238,151.0,123.0,0.6730931997299194,255.0,189.0,0.9034726023674011,114.0,189.0,0.8413065075874329,274.0,302.0,0.7734360098838806,103.0,304.0,0.9400349855422974,227.0,232.0,0.7677632570266724,141.0,239.0,0.7271506786346436,227.0,360.0,0.7096609473228455,158.0,360.0,0.8262736797332764,281.0,338.0,0.821733832359314,101.0,334.0,0.7789403200149536,274.0,493.0,0.9202202558517456,100.0,492.0,0.8881990909576416,end,1
179.0,94.0,0.8282794952392578,191.0,84.0,0.8289212584495544,162.0,87.0,0.7399303913116455,213.0,106.0,0.8142451643943787,143.0,111.0,0.8597326278686523,267.0,178.0,0.9541054368019104,106.0,187.0,0.964501678943634,297.0,297.0,0.7981212735176086,92.0,314.0,0.9121853709220886,229.0,204.0,0.7065718173980713,137.0,220.0,0.8698803186416626,234.0,372.0,0.6849724054336548,159.0,371.0,0.8342674970626831,301.0,341.0,0.850445032119751,94.0,350.0,0.8438379764556885,299.0,546.0,0.852674126625061,100.0,561.0,0.8239575624465942,end,1
215.0,71.0,0.8395472764968872,226.0,67.0,0.7408190369606018,200.0,67.0,0.5151140689849854,241.0,90.0,0.7241733074188232,181.0,95.0,0.7108439207077026,281.0,163.0,0.7818828225135803,144.0,167.0,0.9542896747589111,292.0,272.0,0.7538788318634033,143.0,280.0,0.9430172443389893,251.0,183.0,0.7654924392700195,174.0,189.0,0.6818848848342896,255.0,319.0,0.6738743185997009,186.0,322.0,0.810666024684906,315.0,331.0,0.7567558884620667,126.0,328.0,0.8434168100357056,310.0,504.0,0.7751376628875732,123.0,503.0,0.8462998270988464,end,1
288.0,89.0,0.8159241676330566,303.0,87.0,0.850921094417572,274.0,85.0,0.8262329697608948,321.0,118.0,0.5810844898223877,255.0,116.0,0.7802336812019348,360.0,189.0,0.9398502111434937,208.0,188.0,0.9142333269119263,413.0,296.0,0.9553924202919006,162.0,289.0,0.9354780316352844,445.0,203.0,0.7873374223709106,119.0,213.0,0.7982163429260254,332.0,373.0,0.913585901260376,241.0,371.0,0.8789870738983154,418.0,406.0,0.8930590152740479,166.0,408.0,0.7893812656402588,408.0,595.0,0.7653534412384033,170.0,598.0,0.7932260632514954,end,1
217.0,61.0,0.7801398038864136,232.0,54.0,0.6879275441169739,203.0,53.0,0.5753148794174194,251.0,76.0,0.8527576923370361,187.0,74.0,0.7955869436264038,289.0,154.0,0.9182125329971313,142.0,148.0,0.9091826677322388,285.0,272.0,0.7438739538192749,130.0,267.0,0.9578582644462585,244.0,172.0,0.5213199257850647,176.0,161.0,0.8029525279998779,243.0,330.0,0.7839373350143433,169.0,327.0,0.6725146770477295,316.0,344.0,0.8970451354980469,108.0,341.0,0.9223806262016296,304.0,521.0,0.9148872494697571,115.0,521.0,0.7395724654197693,end,1
280.0,102.0,0.6973012089729309,295.0,92.0,0.9454989433288574,264.0,94.0,0.8895048499107361,317.0,114.0,0.8259863257408142,246.0,115.0,0.8592880368232727,362.0,189.0,0.9144035577774048,205.0,188.0,0.7270781993865967,423.0,270.0,0.9694083333015442,146.0,274.0,0.8922455310821533,497.0,213.0,0.8502433896064758,74.0,207.0,0.6411439180374146,330.0,373.0,0.8383387923240662,241.0,371.0,0.8483517169952393,410.0,381.0,0.9142405986785889,152.0,370.0,0.7363899946212769,395.0,576.0,0.8689669370651245,163.0,565.0,0.894995927810669,end,1
256.0,77.0,0.7229901552200317,272.0,70.0,0.7461786270141602,236.0,73.0,0.7946666479110718,297.0,108.0,0.8694827556610107,211.0,111.0,0.6526128053665161,349.0,199.0,0.9483691453933716,173.0,201.0,0.9784256219863892,398.0,319.0,0.9217126965522766,120.0,325.0,0.8947389125823975,447.0,220.0,0.7577636241912842,81.0,221.0,0.8057692050933838,313.0,425.0,0.8942152857780457,211.0,418.0,0.8691126704216003,404.0,457.0,0.9274382591247559,101.0,449.0,0.7806334495544434,382.0,691.0,0.8073446750640869,111.0,679.0,0.896287202835083,end,1
280.0,107.0,0.8769917488098145,294.0,101.0,0.8769305944442749,264.0,101.0,0.7802727818489075,312.0,125.0,0.8757166862487793,245.0,125.0,0.8028553128242493,362.0,195.0,0.8976126909255981,208.0,198.0,0.9160242080688477,412.0,294.0,0.9037665724754333,159.0,303.0,0.8980435729026794,450.0,214.0,0.8866021633148193,125.0,217.0,0.7981008887290955,327.0,380.0,0.8108645081520081,242.0,379.0,0.8243358135223389,408.0,380.0,0.7566421627998352,162.0,373.0,0.9296744465827942,398.0,583.0,0.8582842350006104,164.0,575.0,0.7564719915390015,end,1
258.0,111.0,0.747861385345459,278.0,106.0,0.7719359993934631,245.0,103.0,0.8454078435897827,302.0,143.0,0.8089587688446045,223.0,134.0,0.6815444827079773,342.0,231.0,0.8978057503700256,170.0,233.0,0.8586819171905518,401.0,358.0,0.9475773572921753,126.0,356.0,0.884675145149231,411.0,248.0,0.5288076400756836,102.0,256.0,0.7856601476669312,307.0,446.0,0.8668496012687683,212.0,442.0,0.8639249205589294,378.0,490.0,0.9272641539573669,141.0,498.0,0.8585705757141113,367.0,725.0,0.8946972489356995,158.0,710.0,0.7960766553878784,end,1
285.0,59.0,0.8717062473297119,301.0,56.0,0.7583628296852112,272.0,55.0,0.7614573240280151,321.0,89.0,0.8371753692626953,252.0,84.0,0.799687385559082,362.0,163.0,0.8945911526679993,206.0,159.0,0.9305745363235474,410.0,273.0,0.8345869779586792,150.0,263.0,0.8409073948860168,449.0,177.0,0.613121509552002,119.0,178.0,0.8359614014625549,327.0,344.0,0.9053137898445129,236.0,342.0,0.8762922286987305,416.0,364.0,0.8627286553382874,164.0,369.0,0.9374446868896484,406.0,557.0,0.5800002813339233,169.0,557.0,0.7007347345352173,end,1
212.0,67.0,0.6513564586639404,229.0,63.0,0.817835807800293,199.0,63.0,0.7930452823638916,250.0,93.0,0.8367995619773865,187.0,90.0,0.8272921442985535,288.0,165.0,0.900894820690155,147.0,162.0,0.8518333435058594,284.0,282.0,0.7592081427574158,136.0,279.0,0.9374977946281433,252.0,190.0,0.4725255072116852,175.0,175.0,0.7737189531326294,250.0,338.0,0.6639165878295898,178.0,337.0,0.8486322164535522,310.0,355.0,0.907396674156189,107.0,349.0,0.8396004438400269,308.0,519.0,0.8792626261711121,116.0,526.0,0.7774659395217896,end,1
237.0,101.0,0.7891274094581604,251.0,95.0,0.6494351625442505,225.0,95.0,0.6319365501403809,270.0,122.0,0.7627273201942444,209.0,123.0,0.7110441327095032,308.0,189.0,0.8093913793563843,166.0,187.0,0.8628116846084595,318.0,301.0,0.8354276418685913,145.0,298.0,0.895869791507721,278.0,231.0,0.758480429649353,190.0,240.0,0.8367880582809448,267.0,355.0,0.8209166526794434,197.0,352.0,0.8548514246940613,320.0,340.0,0.871634840965271,143.0,338.0,0.8851698637008667,320.0,496.0,0.7829364538192749,146.0,492.0,0.9177098274230957,end,1
153.0,88.0,0.8618922233581543,166.0,84.0,0.8098490834236145,139.0,85.0,0.7412512898445129,185.0,117.0,0.8562601804733276,120.0,118.0,0.8628630638122559,239.0,178.0,0.6419649124145508,72.0,183.0,0.7404614686965942,280.0,292.0,0.8937617540359497,43.0,308.0,0.8861271739006042,203.0,208.0,0.8390884399414062,104.0,219.0,0.9016185998916626,200.0,382.0,0.5477222800254822,125.0,378.0,0.8253161907196045,258.0,314.0,0.8840727806091309,67.0,327.0,0.863868236541748,262.0,522.0,0.9185703992843628,67.0,538.0,0.8708396553993225,end,1
293.0,65.0,0.807921826839447,308.0,60.0,0.9184161424636841,278.0,61.0,0.9182049036026001,328.0,93.0,0.7774867415428162,259.0,89.0,0.8499837517738342,372.0,162.0,0.8766303658485413,221.0,164.0,0.9790403842926025,431.0,244.0,0.9519509077072144,157.0,244.0,0.9450438022613525,500.0,186.0,0.7485885620117188,91.0,183.0,0.7662150859832764,343.0,341.0,0.9197521209716797,253.0,335.0,0.8956308960914612,415.0,364.0,0.9249342083930969,172.0,356.0,0.9571014046669006,403.0,563.0,0.8037304282188416,173.0,549.0,0.6733652353286743,end,1
205.0,73.0,0.8432776927947998,222.0,72.0,0.7984797358512878,192.0,70.0,0.8228609561920166,240.0,106.0,0.6985492706298828,172.0,102.0,0.6630339622497559,282.0,178.0,0.9480624198913574,122.0,165.0,0.9177942276000977,303.0,303.0,0.8663783073425293,78.0,285.0,0.9082890152931213,248.0,195.0,0.858055055141449,157.0,186.0,0.7601714134216309,232.0,356.0,0.6588129997253418,155.0,354.0,0.8324919939041138,296.0,347.0,0.9348653554916382,95.0,339.0,0.884547233581543,287.0,554.0,0.8240119218826294,89.0,536.0,0.7744621634483337,end,1
192.0,69.0,0.7432483434677124,205.0,65.0,0.8898137807846069,177.0,65.0,0.8627760410308838,224.0,95.0,0.8102463483810425,159.0,96.0,0.8470798134803772,264.0,166.0,0.9447157382965088,119.0,158.0,0.933896541595459,277.0,281.0,0.7768244743347168,94.0,282.0,0.8183133602142334,236.0,220.0,0.7575225234031677,142.0,222.0,0.8986650109291077,223.0,319.0,0.756500780582428,149.0,316.0,0.8792674541473389,283.0,338.0,0.9211408495903015,98.0,338.0,0.9525620937347412,270.0,493.0,0.9298779368400574,96.0,493.0,0.9170845746994019,end,1
281.0,56.0,0.7852715849876404,295.0,53.0,0.9131128191947937,264.0,54.0,0.8477567434310913,317.0,88.0,0.6578167676925659,242.0,88.0,0.8549363613128662,363.0,156.0,0.813533365726471,210.0,165.0,0.9292441606521606,407.0,250.0,0.9141865372657776,165.0,268.0,0.8648641109466553,448.0,173.0,0.7668317556381226,129.0,180.0,0.6690281629562378,337.0,343.0,0.9079885482788086,247.0,340.0,0.8871899843215942,408.0,386.0,0.9210186004638672,165.0,376.0,0.9296451807022095,399.0,587.0,0.8181813955307007,164.0,570.0,0.6824454069137573,end,1
160.0,70.0,0.7276482582092285,171.0,68.0,0.7146251201629639,144.0,69.0,0.7735766172409058,187.0,96.0,0.7971664071083069,123.0,101.0,0.7066874504089355,230.0,171.0,0.828298807144165,82.0,180.0,0.8065484762191772,232.0,289.0,0.882119357585907,105.0,297.0,0.8645535707473755,199.0,193.0,0.7059573531150818,119.0,198.0,0.3936711251735687,207.0,338.0,0.7290124893188477,134.0,339.0,0.8215864896774292,265.0,355.0,0.795263946056366,71.0,356.0,0.9270871877670288,262.0,532.0,0.8616806268692017,73.0,533.0,0.8623114824295044,end,1
163.0,60.0,0.8334673047065735,175.0,54.0,0.870002031326294,148.0,55.0,0.8169700503349304,193.0,81.0,0.861968457698822,130.0,80.0,0.8077229857444763,235.0,145.0,0.9024080634117126,92.0,153.0,0.8768128156661987,261.0,258.0,0.8694149851799011,80.0,263.0,0.9203770160675049,210.0,199.0,0.8487846255302429,117.0,208.0,0.8501368165016174,200.0,311.0,0.6975702047348022,137.0,311.0,0.8415602445602417,259.0,290.0,0.7896119952201843,79.0,286.0,0.8635140061378479,253.0,448.0,0.9480968713760376,84.0,447.0,0.8729171752929688,end,1
230.0,76.0,0.5805522203445435,248.0,68.0,0.7224811315536499,214.0,67.0,0.8612411618232727,270.0,97.0,0.659978985786438,187.0,97.0,0.8691762089729309,313.0,187.0,0.9050740599632263,140.0,193.0,0.9435071349143982,365.0,311.0,0.9334895014762878,86.0,311.0,0.8935911655426025,402.0,206.0,0.7490830421447754,42.0,211.0,0.8878962993621826,277.0,420.0,0.9089738130569458,178.0,416.0,0.8492083549499512,388.0,437.0,0.9438612461090088,77.0,444.0,0.9270922541618347,373.0,679.0,0.8114324808120728,97.0,679.0,0.8935235738754272,end,1
238.0,46.0,0.844001054763794,254.0,45.0,0.7581914663314819,224.0,44.0,0.8678858876228333,271.0,81.0,0.7535989284515381,203.0,75.0,0.6390116810798645,313.0,149.0,0.8981906175613403,149.0,138.0,0.93638676404953,336.0,274.0,0.9564933776855469,106.0,256.0,0.9305673837661743,278.0,162.0,0.9250408411026001,181.0,157.0,0.7785539031028748,262.0,332.0,0.6210752725601196,179.0,323.0,0.8543578386306763,314.0,297.0,0.5898327827453613,114.0,291.0,0.8922390937805176,310.0,510.0,0.692604660987854,110.0,503.0,0.8623297810554504,end,1
221.0,188.0,0.7655439376831055,236.0,179.0,0.6151394248008728,207.0,178.0,0.6935172080993652,256.0,199.0,0.5597485303878784,192.0,198.0,0.5849776268005371,294.0,278.0,0.9234246015548706,145.0,274.0,0.8218420743942261,272.0,403.0,0.41389209032058716,152.0,396.0,0.5972154140472412,259.0,306.0,0.6699903607368469,180.0,297.0,0.5838766098022461,248.0,452.0,0.6778696775436401,181.0,453.0,0.837647020816803,325.0,424.0,0.7127690315246582,102.0,425.0,0.6032373905181885,310.0,594.0,0.8701595067977905,121.0,603.0,0.9260705709457397,end,1
285.0,108.0,0.8740374445915222,301.0,102.0,0.7336717844009399,270.0,100.0,0.9045030474662781,318.0,125.0,0.7347807884216309,251.0,124.0,0.8735848069190979,356.0,199.0,0.7448422908782959,205.0,197.0,0.8739490509033203,405.0,302.0,0.9536359906196594,151.0,291.0,0.9541417956352234,441.0,214.0,0.6208727359771729,115.0,216.0,0.653254508972168,317.0,380.0,0.8090161085128784,233.0,379.0,0.8143340349197388,408.0,375.0,0.8824242949485779,161.0,377.0,0.9127272963523865,403.0,585.0,0.8323140740394592,170.0,578.0,0.8496502637863159,end,1
198.0,86.0,0.8536790609359741,216.0,77.0,0.8116849660873413,199.0,77.0,0.8738648891448975,257.0,97.0,0.8697190880775452,214.0,87.0,0.6153911352157593,312.0,187.0,0.9396147727966309,150.0,173.0,0.9422035217285156,329.0,312.0,0.831067681312561,114.0,295.0,0.9705036282539368,276.0,206.0,0.9158806204795837,184.0,204.0,0.7276919484138489,261.0,366.0,0.8408045172691345,183.0,363.0,0.8739309310913086,335.0,375.0,0.9258898496627808,117.0,366.0,0.937305748462677,317.0,579.0,0.8201867938041687,116.0,571.0,0.7578321099281311,end,1
296.0,101.0,0.8718553781509399,312.0,92.0,0.9115882515907288,281.0,91.0,0.9205467104911804,329.0,116.0,0.8665648698806763,259.0,114.0,0.7369425892829895,367.0,187.0,0.9191993474960327,216.0,189.0,0.7569748163223267,428.0,273.0,0.9576287269592285,152.0,269.0,0.8824934363365173,498.0,209.0,0.5911434888839722,77.0,212.0,0.842652440071106,333.0,373.0,0.8888327479362488,245.0,370.0,0.8480123281478882,429.0,373.0,0.8294646143913269,169.0,377.0,0.8956263661384583,415.0,560.0,0.7553403377532959,182.0,563.0,0.7247316837310791,end,1
252.0,76.0,0.7709753513336182,267.0,66.0,0.8944383859634399,233.0,69.0,0.7080055475234985,290.0,95.0,0.8755345940589905,208.0,98.0,0.8242654204368591,342.0,190.0,0.9060160517692566,168.0,190.0,0.9751377105712891,388.0,307.0,0.9004075527191162,114.0,312.0,0.860456645488739,435.0,213.0,0.8390384912490845,78.0,208.0,0.8366905450820923,306.0,415.0,0.924383282661438,203.0,409.0,0.868715763092041,405.0,446.0,0.8705629706382751,94.0,437.0,0.853369951248169,382.0,674.0,0.8460609912872314,108.0,668.0,0.9023969173431396,end,1
147.0,47.0,0.6685941219329834,160.0,46.0,0.792079746723175,130.0,47.0,0.5409862995147705,182.0,81.0,0.9088579416275024,111.0,86.0,0.8057836890220642,241.0,141.0,0.771181046962738,72.0,160.0,0.6928358674049377,273.0,260.0,0.9558426141738892,62.0,289.0,0.8380036950111389,202.0,166.0,0.8925195336341858,104.0,184.0,0.9147933125495911,212.0,326.0,0.8167778253555298,131.0,325.0,0.7942031621932983,275.0,348.0,0.8583608269691467,42.0,363.0,0.8455794453620911,272.0,553.0,0.7093164324760437,71.0,564.0,0.8578475713729858,end,1
145.0,60.0,0.7796881794929504,157.0,52.0,0.8746814131736755,129.0,53.0,0.8442065119743347,176.0,72.0,0.7918973565101624,110.0,77.0,0.7841557264328003,217.0,152.0,0.852746307849884,72.0,155.0,0.9447430968284607,230.0,267.0,0.6638084053993225,81.0,275.0,0.8886585831642151,182.0,168.0,0.731109619140625,112.0,174.0,0.5693346261978149,191.0,321.0,0.7395743131637573,115.0,320.0,0.8088866472244263,257.0,345.0,0.8626788854598999,49.0,345.0,0.9095109701156616,248.0,520.0,0.824163019657135,57.0,518.0,0.7249113321304321,end,1
295.0,54.0,0.7007442712783813,312.0,53.0,0.8461592793464661,282.0,51.0,0.880249559879303,330.0,90.0,0.8692492842674255,260.0,83.0,0.753438413143158,362.0,162.0,0.9185564517974854,215.0,157.0,0.9702792167663574,412.0,267.0,0.9567352533340454,167.0,250.0,0.940819263458252,449.0,175.0,0.791551411151886,131.0,175.0,0.8621410727500916,328.0,343.0,0.9103333353996277,238.0,340.0,0.8944131135940552,414.0,377.0,0.8949635624885559,170.0,382.0,0.8863732218742371,411.0,571.0,0.7206684947013855,175.0,576.0,0.8057219982147217,end,1
286.0,69.0,0.7941188812255859,303.0,66.0,0.6845186948776245,273.0,66.0,0.7528389096260071,322.0,100.0,0.7593458294868469,254.0,96.0,0.8515769243240356,362.0,171.0,0.9159467220306396,211.0,172.0,0.9218500256538391,415.0,279.0,0.8919896483421326,162.0,276.0,0.9048787951469421,448.0,182.0,0.820888102054596,121.0,192.0,0.6880108118057251,334.0,358.0,0.882064938545227,243.0,356.0,0.8273544311523438,422.0,377.0,0.9029491543769836,167.0,382.0,0.8066335916519165,410.0,571.0,0.5281503200531006,174.0,568.0,0.8747734427452087,end,1
216.0,92.0,0.5669349431991577,214.0,84.0,0.5134944319725037,199.0,83.0,0.699033260345459,196.0,97.0,0.6518837213516235,159.0,104.0,0.8922008275985718,261.0,181.0,0.8137016296386719,105.0,185.0,0.9157922863960266,289.0,303.0,0.9256947040557861,86.0,311.0,0.8523567914962769,228.0,210.0,0.8555686473846436,134.0,215.0,0.8460290431976318,230.0,359.0,0.849776566028595,153.0,359.0,0.8570642471313477,286.0,381.0,0.8628453016281128,81.0,388.0,0.9200352430343628,287.0,582.0,0.7284062504768372,87.0,599.0,0.8693689703941345,end,1
164.0,93.0,0.6770815849304199,177.0,81.0,0.7827320694923401,149.0,82.0,0.6051607131958008,196.0,99.0,0.8245167136192322,129.0,105.0,0.7744410037994385,243.0,171.0,0.832575261592865,87.0,170.0,0.6323252320289612,281.0,289.0,0.9116972088813782,66.0,300.0,0.9098888635635376,216.0,210.0,0.781309187412262,119.0,209.0,0.6303205490112305,207.0,369.0,0.6557438373565674,135.0,363.0,0.8381498456001282,271.0,322.0,0.862269401550293,68.0,333.0,0.8835362195968628,267.0,524.0,0.8702031373977661,69.0,540.0,0.8560951948165894,end,1
259.0,65.0,0.662805438041687,278.0,62.0,0.8801250457763672,245.0,61.0,0.8645738363265991,300.0,101.0,0.7769057154655457,222.0,95.0,0.8508648872375488,345.0,186.0,0.8543897867202759,171.0,188.0,0.9565951228141785,395.0,312.0,0.953267514705658,119.0,311.0,0.9393636584281921,431.0,206.0,0.7653687000274658,80.0,216.0,0.5979248285293579,307.0,407.0,0.8880065679550171,206.0,405.0,0.8607583045959473,417.0,443.0,0.8791770935058594,117.0,446.0,0.8632373809814453,403.0,678.0,0.8127663731575012,129.0,679.0,0.8728880286216736,end,1
182.0,60.0,0.8195196390151978,195.0,55.0,0.8273259401321411,168.0,55.0,0.906004786491394,212.0,81.0,0.6868820190429688,149.0,82.0,0.8446579575538635,251.0,151.0,0.8723005056381226,108.0,143.0,0.8089228868484497,262.0,261.0,0.819801926612854,82.0,259.0,0.940179705619812,223.0,200.0,0.8633880615234375,134.0,201.0,0.9118605852127075,206.0,304.0,0.61644446849823,141.0,304.0,0.8369460701942444,263.0,292.0,0.8816397190093994,85.0,286.0,0.9012320637702942,260.0,450.0,0.8177152872085571,88.0,447.0,0.792570173740387,end,1
159.0,87.0,0.6311058402061462,174.0,84.0,0.6025703549385071,142.0,84.0,0.8240610361099243,195.0,120.0,0.6624070405960083,120.0,119.0,0.8210667371749878,246.0,201.0,0.8917949795722961,72.0,200.0,0.8786614537239075,274.0,341.0,0.8663709163665771,60.0,341.0,0.8899469971656799,211.0,254.0,0.7755605578422546,109.0,258.0,0.8320438265800476,205.0,400.0,0.8277595043182373,129.0,399.0,0.740808367729187,282.0,381.0,0.6805411577224731,56.0,373.0,0.8141874670982361,269.0,561.0,0.9025810956954956,57.0,564.0,0.9293930530548096,end,1
249.0,83.0,0.8608943819999695,265.0,80.0,0.5716499090194702,233.0,81.0,0.6052074432373047,289.0,119.0,0.8546857237815857,213.0,120.0,0.7341748476028442,338.0,201.0,0.8381702303886414,163.0,200.0,0.9679495096206665,351.0,342.0,0.85340416431427,142.0,341.0,0.9018764495849609,303.0,261.0,0.844760000705719,195.0,260.0,0.7559150457382202,289.0,396.0,0.671664834022522,205.0,392.0,0.7443989515304565,359.0,383.0,0.9145185947418213,131.0,379.0,0.9415751695632935,353.0,568.0,0.8972458243370056,143.0,567.0,0.9145995378494263,end,1
277.0,60.0,0.8528655767440796,290.0,57.0,0.6851611137390137,261.0,58.0,0.8093991279602051,311.0,88.0,0.897939920425415,240.0,87.0,0.8679280877113342,360.0,158.0,0.9472371339797974,201.0,165.0,0.9722161293029785,410.0,262.0,0.9333750009536743,151.0,273.0,0.8665304183959961,446.0,171.0,0.7976709008216858,121.0,185.0,0.5604899525642395,329.0,342.0,0.8951838612556458,238.0,339.0,0.8481727242469788,403.0,372.0,0.8622370958328247,151.0,363.0,0.9459896087646484,394.0,568.0,0.873756468296051,157.0,552.0,0.6875755190849304,end,1
243.0,111.0,0.7988961338996887,259.0,107.0,0.7311809659004211,228.0,107.0,0.8469386696815491,284.0,141.0,0.8270002007484436,209.0,143.0,0.7459268569946289,329.0,223.0,0.9453085660934448,157.0,217.0,0.8836381435394287,340.0,359.0,0.8247696161270142,136.0,359.0,0.9039426445960999,295.0,275.0,0.7713638544082642,192.0,281.0,0.8214812874794006,280.0,429.0,0.5967488288879395,198.0,424.0,0.8511499166488647,358.0,395.0,0.8724247813224792,125.0,399.0,0.9165793657302856,346.0,592.0,0.8799288868904114,132.0,589.0,0.8880573511123657,end,1
249.0,89.0,0.5767606496810913,264.0,84.0,0.7161100506782532,236.0,85.0,0.7029261589050293,285.0,117.0,0.4968690574169159,220.0,117.0,0.7625438570976257,324.0,192.0,0.9003689885139465,183.0,190.0,0.8099595904350281,313.0,308.0,0.7862120270729065,178.0,310.0,0.9415257573127747,289.0,218.0,0.5703027844429016,200.0,209.0,0.8026123046875,283.0,356.0,0.7750812768936157,209.0,355.0,0.8123533129692078,348.0,384.0,0.7624236345291138,147.0,376.0,0.8788745403289795,344.0,550.0,0.8761937022209167,158.0,555.0,0.888852059841156,end,1
224.0,89.0,0.8710939884185791,239.0,86.0,0.7647683024406433,209.0,84.0,0.6438828706741333,257.0,121.0,0.7979742288589478,188.0,118.0,0.7850721478462219,302.0,185.0,0.8755519986152649,139.0,176.0,0.9033917188644409,332.0,306.0,0.8160950541496277,93.0,291.0,0.9685966968536377,271.0,212.0,0.867911159992218,172.0,211.0,0.7249935865402222,251.0,370.0,0.7524846792221069,168.0,366.0,0.8480671644210815,312.0,327.0,0.8574604988098145,119.0,316.0,0.8803271055221558,305.0,537.0,0.8641316294670105,111.0,519.0,0.7874868512153625,end,1
241.0,126.0,0.8214803338050842,259.0,120.0,0.7791120409965515,225.0,117.0,0.7525057196617126,279.0,152.0,0.8604986071586609,201.0,146.0,0.8067891001701355,323.0,236.0,0.7054363489151001,149.0,228.0,0.9420902729034424,328.0,377.0,0.7805478572845459,126.0,372.0,0.9494214057922363,289.0,296.0,0.7377933263778687,182.0,301.0,0.8534424901008606,269.0,432.0,0.7172013521194458,187.0,429.0,0.7734004259109497,356.0,414.0,0.7758200168609619,108.0,421.0,0.8726203441619873,340.0,610.0,0.899911642074585,128.0,609.0,0.9434029459953308,end,1
211.0,191.0,0.7504692673683167,223.0,180.0,0.7893089652061462,195.0,182.0,0.8116053342819214,241.0,196.0,0.6556782126426697,178.0,198.0,0.727119505405426,289.0,272.0,0.8212666511535645,137.0,279.0,0.7904208302497864,288.0,396.0,0.5229499340057373,157.0,397.0,0.38258096575737,252.0,296.0,0.5410158634185791,172.0,300.0,0.28397247195243835,255.0,452.0,0.5552921295166016,190.0,455.0,0.8239956498146057,335.0,423.0,0.9148615598678589,115.0,424.0,0.917874813079834,311.0,601.0,0.9136940836906433,122.0,599.0,0.8253429532051086,end,1
260.0,102.0,0.6501792669296265,279.0,96.0,0.6441940665245056,243.0,94.0,0.5956900119781494,300.0,138.0,0.833351731300354,213.0,137.0,0.7997338771820068,350.0,234.0,0.8657121062278748,170.0,235.0,0.8735829591751099,395.0,356.0,0.9335814118385315,116.0,359.0,0.8724178075790405,422.0,255.0,0.7758650779724121,107.0,242.0,0.7349138259887695,317.0,453.0,0.8878018260002136,219.0,450.0,0.8310787677764893,378.0,498.0,0.7816084623336792,140.0,490.0,0.9001752734184265,358.0,717.0,0.7303032875061035,152.0,717.0,0.8552749752998352,end,1
227.0,46.0,0.6070593595504761,245.0,47.0,0.6842480897903442,214.0,45.0,0.8670284152030945,263.0,87.0,0.7538546919822693,194.0,80.0,0.6556975245475769,304.0,161.0,0.9380131959915161,135.0,139.0,0.9443300366401672,314.0,289.0,0.8704836368560791,98.0,262.0,0.9686462879180908,268.0,177.0,0.8680015802383423,171.0,169.0,0.8470306992530823,250.0,324.0,0.8233217000961304,165.0,322.0,0.8678184747695923,329.0,361.0,0.9268050789833069,100.0,350.0,0.6973821520805359,302.0,563.0,0.7911512851715088,100.0,554.0,0.8856894969940186,end,1
282.0,89.0,0.8134256601333618,295.0,87.0,0.8321109414100647,266.0,86.0,0.7523979544639587,312.0,118.0,0.6590641736984253,244.0,119.0,0.6975741386413574,360.0,187.0,0.8933755159378052,209.0,189.0,0.9484081864356995,409.0,290.0,0.9607058763504028,155.0,298.0,0.9187818169593811,451.0,212.0,0.8817382454872131,128.0,203.0,0.7630131244659424,328.0,374.0,0.8649287223815918,240.0,369.0,0.8858618140220642,410.0,412.0,0.8760926723480225,158.0,404.0,0.8763517737388611,398.0,609.0,0.7575442790985107,163.0,595.0,0.7711875438690186,end,1
222.0,94.0,0.7002403736114502,238.0,88.0,0.494753897190094,209.0,85.0,0.7778550982475281,256.0,113.0,0.8660494089126587,188.0,106.0,0.820442795753479,296.0,188.0,0.9529732465744019,134.0,172.0,0.9186861515045166,308.0,317.0,0.7336810827255249,101.0,300.0,0.9177733063697815,264.0,214.0,0.8248064517974854,173.0,207.0,0.7794061303138733,243.0,370.0,0.6200970411300659,165.0,366.0,0.7967671155929565,305.0,354.0,0.9151008725166321,101.0,339.0,0.9037024974822998,299.0,563.0,0.7492347359657288,100.0,550.0,0.7763451933860779,end,1
209.0,70.0,0.5566539764404297,223.0,66.0,0.8104206323623657,196.0,66.0,0.7438277006149292,243.0,95.0,0.8535149097442627,183.0,92.0,0.7974698543548584,279.0,164.0,0.8722422122955322,144.0,163.0,0.8453123569488525,283.0,278.0,0.6464669704437256,129.0,276.0,0.9293542504310608,248.0,191.0,0.6217035055160522,169.0,181.0,0.6205708384513855,242.0,331.0,0.5954879522323608,173.0,332.0,0.8462049961090088,300.0,333.0,0.6904461979866028,112.0,328.0,0.8277623653411865,303.0,502.0,0.7362337112426758,114.0,506.0,0.7879781126976013,end,1
212.0,128.0,0.8417097330093384,227.0,119.0,0.6569714546203613,194.0,121.0,0.8110072016716003,249.0,145.0,0.6760474443435669,171.0,150.0,0.8092902898788452,300.0,232.0,0.956336498260498,130.0,234.0,0.7045071125030518,326.0,373.0,0.8451937437057495,125.0,375.0,0.9051686525344849,271.0,295.0,0.7275381088256836,160.0,298.0,0.841339647769928,265.0,437.0,0.6887509822845459,185.0,436.0,0.8231061100959778,351.0,427.0,0.9008098840713501,97.0,412.0,0.8942705392837524,321.0,607.0,0.8516680002212524,109.0,608.0,0.8297431468963623,end,1
170.0,48.0,0.82247394323349,183.0,43.0,0.8662980794906616,155.0,46.0,0.793655276298523,207.0,73.0,0.907404363155365,139.0,79.0,0.7849234342575073,264.0,138.0,0.7062790393829346,94.0,147.0,0.9492321610450745,301.0,253.0,0.9089532494544983,72.0,273.0,0.9443461894989014,231.0,158.0,0.6473296284675598,130.0,172.0,0.7800583243370056,231.0,327.0,0.525488018989563,153.0,326.0,0.7883785367012024,295.0,298.0,0.8257650136947632,95.0,300.0,0.9086035490036011,296.0,497.0,0.7736111283302307,98.0,509.0,0.8793448209762573,end,1
211.0,198.0,0.6045786142349243,223.0,188.0,0.7291284203529358,194.0,190.0,0.859716534614563,241.0,205.0,0.7510044574737549,178.0,208.0,0.8425616025924683,288.0,281.0,0.8859052062034607,139.0,291.0,0.9316695928573608,286.0,407.0,0.4332318902015686,162.0,411.0,0.6228538751602173,252.0,312.0,0.697400689125061,167.0,314.0,0.39114850759506226,256.0,457.0,0.6100974678993225,187.0,462.0,0.8584602475166321,334.0,429.0,0.9032927751541138,102.0,425.0,0.9065532684326172,309.0,599.0,0.9246675968170166,121.0,597.0,0.741558313369751,end,1
205.0,100.0,0.8619532585144043,221.0,95.0,0.759770929813385,188.0,95.0,0.5541803240776062,241.0,128.0,0.7095686197280884,166.0,127.0,0.748436689376831,295.0,208.0,0.8518004417419434,122.0,211.0,0.8356612324714661,326.0,347.0,0.8332964181900024,104.0,356.0,0.9432913661003113,258.0,271.0,0.7932581901550293,154.0,279.0,0.7726834416389465,256.0,414.0,0.6591188907623291,176.0,413.0,0.8162319660186768,323.0,390.0,0.7632278800010681,104.0,386.0,0.6620297431945801,318.0,580.0,0.8298134207725525,107.0,580.0,0.8885345458984375,end,1
192.0,92.0,0.8245335817337036,209.0,85.0,0.8326191306114197,195.0,85.0,0.7255542278289795,250.0,103.0,0.8878241777420044,216.0,97.0,0.6578788161277771,305.0,188.0,0.9264091849327087,151.0,178.0,0.9096906781196594,326.0,312.0,0.8590482473373413,120.0,301.0,0.9597620964050293,273.0,212.0,0.9085463285446167,183.0,210.0,0.7568038105964661,258.0,364.0,0.8778355717658997,184.0,362.0,0.8711433410644531,331.0,388.0,0.9136905670166016,124.0,379.0,0.8259108662605286,321.0,594.0,0.7328261137008667,117.0,584.0,0.8944068551063538,end,1
212.0,69.0,0.5318703055381775,224.0,65.0,0.7175233364105225,196.0,65.0,0.8313605189323425,238.0,91.0,0.8485439419746399,173.0,95.0,0.7901683449745178,274.0,161.0,0.8929304480552673,132.0,168.0,0.7828986048698425,285.0,278.0,0.8883804082870483,141.0,287.0,0.857187032699585,245.0,176.0,0.7178876996040344,171.0,184.0,0.6131311655044556,251.0,330.0,0.733983039855957,177.0,331.0,0.8281696438789368,320.0,350.0,0.7162150144577026,118.0,353.0,0.89229416847229,308.0,524.0,0.7444111108779907,119.0,525.0,0.8551403880119324,end,1
199.0,80.0,0.8157225847244263,213.0,80.0,0.4782935380935669,182.0,79.0,0.5289230346679688,232.0,120.0,0.5942566394805908,156.0,120.0,0.867929220199585,283.0,202.0,0.9022638201713562,107.0,201.0,0.8100167512893677,302.0,341.0,0.7277694940567017,97.0,342.0,0.8684920072555542,249.0,256.0,0.7988871335983276,143.0,264.0,0.790444552898407,241.0,401.0,0.8022830486297607,163.0,399.0,0.849400520324707,319.0,382.0,0.6979224681854248,89.0,377.0,0.8981810212135315,304.0,566.0,0.7164819240570068,90.0,567.0,0.8561757802963257,end,1
259.0,86.0,0.7549967169761658,280.0,77.0,0.8069826364517212,246.0,76.0,0.8178664445877075,302.0,108.0,0.6589846611022949,223.0,102.0,0.6301428079605103,352.0,200.0,0.8949726819992065,173.0,201.0,0.9405002593994141,402.0,327.0,0.9491879940032959,117.0,324.0,0.8462215662002563,417.0,218.0,0.7714381814002991,101.0,216.0,0.7633054256439209,308.0,412.0,0.8842581510543823,209.0,408.0,0.8934828639030457,397.0,459.0,0.9014134407043457,119.0,461.0,0.8262525200843811,401.0,698.0,0.7072837948799133,121.0,691.0,0.7804815769195557,end,1
206.0,73.0,0.7970074415206909,218.0,68.0,0.678444504737854,191.0,68.0,0.5297746658325195,233.0,94.0,0.6187747716903687,169.0,97.0,0.7350711822509766,276.0,171.0,0.7900012135505676,127.0,181.0,0.9100805521011353,282.0,289.0,0.8525113463401794,145.0,302.0,0.8020232915878296,245.0,190.0,0.7021302580833435,166.0,198.0,0.66730797290802,250.0,340.0,0.7478122115135193,176.0,342.0,0.6805728077888489,315.0,354.0,0.882317304611206,110.0,355.0,0.7571737170219421,306.0,531.0,0.8109275102615356,118.0,530.0,0.7112000584602356,end,1
202.0,110.0,0.7327235341072083,216.0,108.0,0.8264169692993164,184.0,108.0,0.7940287590026855,235.0,142.0,0.7083673477172852,161.0,145.0,0.7360637187957764,288.0,222.0,0.9297968149185181,114.0,224.0,0.7673909068107605,306.0,363.0,0.8016514182090759,105.0,361.0,0.8860060572624207,252.0,274.0,0.6855367422103882,150.0,280.0,0.7946794033050537,246.0,434.0,0.6119692325592041,167.0,433.0,0.8496823906898499,326.0,404.0,0.8747540712356567,89.0,394.0,0.848680853843689,314.0,593.0,0.8216774463653564,98.0,593.0,0.8408974409103394,end,1
178.0,74.0,0.8061560392379761,190.0,71.0,0.7060739994049072,161.0,72.0,0.7867715358734131,211.0,101.0,0.7595862150192261,142.0,107.0,0.6186730861663818,264.0,167.0,0.710127055644989,100.0,175.0,0.8952270746231079,299.0,283.0,0.9395847320556641,79.0,303.0,0.9368314743041992,227.0,191.0,0.8765848278999329,130.0,204.0,0.8056045770645142,227.0,356.0,0.7856178283691406,152.0,356.0,0.8269465565681458,287.0,338.0,0.8299479484558105,88.0,344.0,0.9278632998466492,290.0,540.0,0.8266287446022034,94.0,555.0,0.7965646982192993,end,1
257.0,79.0,0.6202204823493958,271.0,69.0,0.5879160165786743,238.0,69.0,0.6170004606246948,290.0,101.0,0.5442920923233032,209.0,102.0,0.609797477722168,343.0,197.0,0.8781317472457886,166.0,204.0,0.9178444743156433,394.0,321.0,0.9568860530853271,112.0,325.0,0.9087716937065125,415.0,214.0,0.7937056422233582,99.0,214.0,0.8260664939880371,309.0,419.0,0.9162587523460388,210.0,415.0,0.8719015717506409,397.0,461.0,0.8869709372520447,119.0,453.0,0.8617780804634094,390.0,697.0,0.7348083257675171,117.0,691.0,0.9027162790298462,end,1
